tarih,magaza,kod,ad,fiyat,url
2026-08-13 14:47,SipnJoy,HBC0000C5G4SC,Sipnjoy - Sippypals Çocuk Su Termosu | 360 ml -  Koyu Mavi,1990.0,https://www.hepsiburada.com/sipnjoy-sippypals-cocuk-su-termosu-360-ml-koyu-mavi-pm-HBC0000C5G4SC
2026-08-13 14:47,SipnJoy,HBC0000G0K8EH,SipnJoy - FlipSip Çocuk Su Termosu | 360 ml - Mermaid Dream,2090.0,https://www.hepsiburada.com/sipnjoy-flipsip-cocuk-su-termosu-360-ml-paslanmaz-celik-koyu-pembe-ergonomik-tasarim-pm-HBC0000G0K8EH
2026-08-13 14:47,SipnJoy,HBC0000G0K8E5,Sipnjoy - Sippypals Çocuk Su Termosu | 360 ml -  Mor,1990.0,https://www.hepsiburada.com/sipnjoy-sippypals-cocuk-su-termosu-360-ml-mor-pm-HBC0000G0K8E5
2026-08-13 14:47,SipnJoy,HBC0000G0K7WF,SipnJoy - FlipSip Çocuk Su Termosu | 360 ml - Fly Pal,2090.0,https://www.hepsiburada.com/sipnjoy-flipsip-cocuk-su-termosu-360-ml-fly-pal-pm-HBC0000G0K7WF
2026-08-13 14:47,SipnJoy,HBC0000G0K7WD,SipnJoy - FlipSip Çocuk Su Termosu | 360 ml - Bee Honey,2090.0,https://www.hepsiburada.com/sipnjoy-flipsip-cocuk-su-termosu-360-ml-bee-honey-pm-HBC0000G0K7WD
2026-08-13 14:47,SipnJoy,HBC0000G0K7WC,SipnJoy - FlipSip Çocuk Su Termosu | 360 ml - Firefighter Buddy,2090.0,https://www.hepsiburada.com/sipnjoy-flipsip-cocuk-su-termosu-360-ml-firefighter-buddy-pm-HBC0000G0K7WC
2026-08-13 14:47,SipnJoy,HBC0000G0K8EL,SipnJoy Handlehug Sarı Termos 550 ml Paslanmaz Çelik ile Çocuklar için Ergonomik Tasarım,2190.0,https://www.hepsiburada.com/sipnjoy-handlehug-sari-termos-550-ml-paslanmaz-celik-ile-cocuklar-icin-ergonomik-tasarim-pm-HBC0000G0K8EL
2026-08-13 14:47,SipnJoy,HBC0000G0K8EJ,SipnJoy - Flipsip Çocuk Su Termosu | 360 ml - Dino Roar,2090.0,https://www.hepsiburada.com/sipnjoy-flipsip-cocuk-su-termosu-360-ml-dino-roar-pm-HBC0000G0K8EJ
2026-08-13 14:47,SipnJoy,HBC0000G0K7W9,SipnJoy - HandleHug Tumbler | 550 ml - Lila,2190.0,https://www.hepsiburada.com/sipnjoy-handlehug-tumbler-550-ml-lila-pm-HBC0000G0K7W9
2026-08-13 14:47,SipnJoy,HBC0000G0K8F0,SipnJoy 360 ml Pembe Termos Pipetli Tasarım ile Çocuklar İçin Eğlenceli ve Pratik Kullanım,1590.0,https://www.hepsiburada.com/sipnjoy-360-ml-pembe-termos-pipetli-tasarim-ile-cocuklar-icin-eglenceli-ve-pratik-kullanim-pm-HBC0000G0K8F0
2026-08-13 14:47,SipnJoy,HBC0000G0K8EK,SipnJoy - Flipsip Çocuk Su Termosu | 360 ml - Star Explorer,2090.0,https://www.hepsiburada.com/sipnjoy-flipsip-cocuk-su-termosu-360-ml-star-explorer-pm-HBC0000G0K8EK
2026-08-13 14:47,SipnJoy,HBC0000G0K8F1,SipnJoy Strawbuddy Tumbler | 360 ml,1590.0,https://www.hepsiburada.com/sipnjoy-strawbuddy-tumbler-360-ml-pm-HBC0000G0K8F1
2026-08-13 14:47,SipnJoy,HBC0000G0K8EV,SipnJoy 550 ml Turuncu Termos Handlehug Tumbler Paslanmaz Çelik Malzemeden Ergonomik Tasarım,2190.0,https://www.hepsiburada.com/sipnjoy-550-ml-turuncu-termos-handlehug-tumbler-paslanmaz-celik-malzemeden-ergonomik-tasarim-pm-HBC0000G0K8EV
2026-08-13 14:47,SipnJoy,HBC0000G0K8EQ,SipnJoy Tumbler | 1200 ml,1840.0,https://www.hepsiburada.com/sipnjoy-tumbler-1200-ml-pm-HBC0000G0K8EQ
2026-08-13 14:47,SipnJoy,HBC0000G0K7WY,SipnJoy - QuickGulp Tritan Suluk | 420 ml - Adventure Trails,990.0,https://www.hepsiburada.com/sipnjoy-quickgulp-tritan-suluk-420-ml-adventure-trails-pm-HBC0000G0K7WY
2026-08-13 14:47,SipnJoy,HBC0000G0K8EX,SipnJoy 550 ml Termos Pembe Renkli Paslanmaz Çelik Handlehug Tumbler Ergonomik Tasarım,2190.0,https://www.hepsiburada.com/sipnjoy-550-ml-termos-pembe-renkli-paslanmaz-celik-handlehug-tumbler-ergonomik-tasarim-pm-HBC0000G0K8EX
2026-08-13 14:47,SipnJoy,HBC0000G0K8EP,SipnJoy Strawbuddy Tumbler | 360 ml,1590.0,https://www.hepsiburada.com/sipnjoy-strawbuddy-tumbler-360-ml-pm-HBC0000G0K8EP
2026-08-13 14:47,SipnJoy,HBC0000910SRD,SipnJoy Flipsip Pembe Çocuk Su Termosu 360 ml Paslanmaz Çelik Ergonomik Tasarım Özellikli,2090.0,https://www.hepsiburada.com/sipnjoy-flipsip-cocuk-su-termosu-360-ml-pm-HBC0000910SRD
2026-08-13 14:47,SipnJoy,HBC0000G0K7WQ,SipnJoy - SipSquad Plus Çocuk Su Termosu  | 480 ml - Dino Roar,2390.0,https://www.hepsiburada.com/sipnjoy-sipsquad-plus-cocuk-su-termosu-480-ml-dino-roar-pm-HBC0000G0K7WQ
2026-08-13 14:47,SipnJoy,HBC0000FYUU2Z,SipnJoy Flipsip Mavi Çocuk Su Termosu 360 ml Paslanmaz Çelik Ergonomik Tasarım Özellikli,2090.0,https://www.hepsiburada.com/sipnjoy-flipsip-cocuk-su-termosu-360-ml-pm-HBC0000FYUU2Z
2026-08-13 14:47,SipnJoy,HBC0000FTT77G,SipnJoy - SipSquad Plus Çocuk Su Termosu  | 480 ml - Ballerina Sparkle,2390.0,https://www.hepsiburada.com/sipnjoy-sipsquad-plus-cocuk-su-termosu-480-ml-ballerina-sparkle-pm-HBC0000FTT77G
2026-08-13 14:47,SipnJoy,HBC0000G0K7WK,SipnJoy - FlipSip Çocuk Su Termosu | 360 ml - Giggle Giraffe,2090.0,https://www.hepsiburada.com/sipnjoy-flipsip-cocuk-su-termosu-360-ml-giggle-giraffe-pm-HBC0000G0K7WK
2026-08-13 14:47,SipnJoy,HBC0000FTTFDT,SipnJoy - Termos Yemek Kabı | 360 ml - Dino Roar,2090.0,https://www.hepsiburada.com/sipnjoy-termos-yemek-kabi-360-ml-dino-roar-pm-HBC0000FTTFDT
2026-08-13 14:47,SipnJoy,HBC0000G0K7WN,SipnJoy - SipSquad Plus Çocuk Su Termosu  | 480 ml - Mermaid Dream,2390.0,https://www.hepsiburada.com/sipnjoy-sipsquad-plus-cocuk-su-termosu-480-ml-mermaid-dream-pm-HBC0000G0K7WN
2026-08-13 14:47,SipnJoy,HBC0000FU4NKD,SipnJoy - Termos Yemek Kabı | 360 ml - Fairy Sparkle,2090.0,https://www.hepsiburada.com/sipnjoy-termos-yemek-kabi-360-ml-fairy-sparkle-pm-HBC0000FU4NKD
2026-08-13 14:47,SipnJoy,HBCV0000FTTM3R,SipnJoy - FlipSip Çocuk Su Termosu | 360 ml - Turtle Voyage,2090.0,https://www.hepsiburada.com/sipnjoy-flipsip-cocuk-su-termosu-360-ml-turtle-voyage-p-HBCV0000FTTM3R
2026-08-13 14:47,SipnJoy,HBC0000FU4MAU,SipnJoy - Termos Yemek Kabı | 360 ml - Star Explorer,2090.0,https://www.hepsiburada.com/sipnjoy-termos-yemek-kabi-360-ml-star-explorer-pm-HBC0000FU4MAU
2026-08-13 14:47,SipnJoy,HBCV0000G0KZF9,Sipnjoy - Flipsip Çocuk Su Termosu | 360 ml - Ballerina Sparkle,2090.0,https://www.hepsiburada.com/sipnjoy-flipsip-cocuk-su-termosu-360-ml-ballerina-sparkle-p-HBCV0000G0KZF9
2026-08-13 14:47,SipnJoy,HBC0000G0K7W6,SipnJoy - HandleHug Tumbler | 550 ml - Pudra Pembe,2190.0,https://www.hepsiburada.com/sipnjoy-handlehug-tumbler-550-ml-pudra-pembe-pm-HBC0000G0K7W6
2026-08-13 14:47,SipnJoy,HBC0000G0K7WP,SipnJoy - SipSquad Plus Çocuk Su Termosu  | 480 ml - Star Explorer,2390.0,https://www.hepsiburada.com/sipnjoy-sipsquad-plus-cocuk-su-termosu-480-ml-star-explorer-pm-HBC0000G0K7WP
2026-08-13 14:47,SipnJoy,HBC0000FTT9N7,SipnJoy - FlipSip Çocuk Su Termosu | 360 ml - Jolly Elephant,2090.0,https://www.hepsiburada.com/sipnjoy-flipsip-cocuk-su-termosu-360-ml-jolly-elephant-pm-HBC0000FTT9N7
2026-08-13 14:47,SipnJoy,HBC0000G0K8EI,SipnJoy - Flipsip Çocuk Su Termosu | 360 ml - Adventure Trail,2090.0,https://www.hepsiburada.com/sipnjoy-flipsip-cocuk-su-termosu-360-ml-adventure-trail-pm-HBC0000G0K8EI
2026-08-13 14:47,SipnJoy,HBC0000G0K7W5,SipnJoy - HandleHug Tumbler | 550 ml - Turkuaz,2190.0,https://www.hepsiburada.com/sipnjoy-handlehug-tumbler-550-ml-turkuaz-pm-HBC0000G0K7W5
2026-08-13 14:47,SipnJoy,HBCV0000G0I4BB,Sipnjoy - Flipsip Çocuk Su Termosu | 550 ml - Golden Horn,2290.0,https://www.hepsiburada.com/sipnjoy-flipsip-cocuk-su-termosu-550-ml-golden-horn-p-HBCV0000G0I4BB
2026-08-13 14:47,SipnJoy,HBC0000G0K7WM,SipnJoy - SipSquad Plus Çocuk Su Termosu  | 480 ml - Golden Horn,2390.0,https://www.hepsiburada.com/sipnjoy-sipsquad-plus-cocuk-su-termosu-480-ml-golden-horn-pm-HBC0000G0K7WM
2026-08-13 14:47,SipnJoy,HBC0000G0K7WR,SipnJoy - SipSquad Plus Çocuk Su Termosu  | 480 ml - Snappy Croc,2390.0,https://www.hepsiburada.com/sipnjoy-sipsquad-plus-cocuk-su-termosu-480-ml-snappy-croc-pm-HBC0000G0K7WR
2026-08-13 14:47,SipnJoy,HBC0000G0K7W7,SipnJoy - HandleHug Tumbler | 550 ml - Limon,2190.0,https://www.hepsiburada.com/sipnjoy-handlehug-tumbler-550-ml-limon-pm-HBC0000G0K7W7
2026-08-13 14:47,SipnJoy,HBC0000G0K7WA,SipnJoy - FlipSip Çocuk Su Termosu | 360 ml - Builder Buddy,2090.0,https://www.hepsiburada.com/sipnjoy-flipsip-cocuk-su-termosu-360-ml-builder-buddy-pm-HBC0000G0K7WA
2026-08-13 14:47,SipnJoy,HBC0000FU4PYM,SipnJoy - Termos Yemek Kabı | 360 ml - Golden Horn,2090.0,https://www.hepsiburada.com/sipnjoy-termos-yemek-kabi-360-ml-golden-horn-pm-HBC0000FU4PYM
2026-08-13 14:47,SipnJoy,HBC0000910TFA,SipnJoy Handlehug Tumbler Termos 550 ml Mint Renk Paslanmaz Çelik Ergonomik Tasarım Özellikli,2190.0,https://www.hepsiburada.com/sipnjoy-handlehug-tumbler-550-ml-pm-HBC0000910TFA
2026-08-13 14:47,SipnJoy,HBC0000G0K7WL,SipnJoy - FlipSip Çocuk Su Termosu | 360 ml - Twisty Joy,2090.0,https://www.hepsiburada.com/sipnjoy-flipsip-cocuk-su-termosu-360-ml-twisty-joy-pm-HBC0000G0K7WL
2026-08-13 14:47,SipnJoy,HBC0000G0K7WI,SipnJoy - SipSquad Plus Çocuk Su Termosu  | 480 ml - Fairy Sparkle,2390.0,https://www.hepsiburada.com/sipnjoy-sipsquad-plus-cocuk-su-termosu-480-ml-fairy-sparkle-pm-HBC0000G0K7WI
2026-08-13 14:47,SipnJoy,HBC0000G0K7WB,SipnJoy - FlipSip Çocuk Su Termosu | 360 ml - Rescue Crew,2090.0,https://www.hepsiburada.com/sipnjoy-flipsip-cocuk-su-termosu-360-ml-rescue-crew-pm-HBC0000G0K7WB
2026-08-13 14:47,SipnJoy,HBC0000G0K7WJ,SipnJoy - FlipSip Çocuk Su Termosu | 360 ml - Lively Roar,2090.0,https://www.hepsiburada.com/sipnjoy-flipsip-cocuk-su-termosu-360-ml-lively-roar-pm-HBC0000G0K7WJ
2026-08-13 14:47,SipnJoy,HBC0000910SIS,SipnJoy Strawbuddy Tumbler | 360 ml,1590.0,https://www.hepsiburada.com/sipnjoy-strawbuddy-tumbler-360-ml-pm-HBC0000910SIS
2026-08-13 14:47,SipnJoy,HBC0000G0K7WW,SipnJoy - QuickGulp Tritan Suluk | 420 ml - Jungle Jam,990.0,https://www.hepsiburada.com/sipnjoy-quickgulp-tritan-suluk-420-ml-jungle-jam-pm-HBC0000G0K7WW
2026-08-13 14:47,SipnJoy,HBC0000G0K8EO,SipnJoy Su Termosu | 750 ml,1400.0,https://www.hepsiburada.com/sipnjoy-su-termosu-750-ml-pm-HBC0000G0K8EO
2026-08-13 14:47,SipnJoy,HBC0000G0K7WX,SipnJoy - QuickGulp Tritan Suluk | 420 ml - Farmyard Fun,990.0,https://www.hepsiburada.com/sipnjoy-quickgulp-tritan-suluk-420-ml-farmyard-fun-pm-HBC0000G0K7WX
2026-08-13 14:47,SipnJoy,HBC0000G0K7WG,SipnJoy - FlipSip Çocuk Su Termosu | 360 ml - Jungle Jam,2090.0,https://www.hepsiburada.com/sipnjoy-flipsip-cocuk-su-termosu-360-ml-jungle-jam-pm-HBC0000G0K7WG
2026-08-13 14:47,SipnJoy,HBC0000910TEP,SipnJoy - Tumbler | 1200 ml - Siyah,1840.0,https://www.hepsiburada.com/sipnjoy-tumbler-1200-ml-pm-HBC0000910TEP
2026-08-13 14:47,SipnJoy,HBC0000G0K8E3,Sipnjoy - Widewonder Çocuk Su Termosu | 420 ml - Swan Harmony,1490.0,https://www.hepsiburada.com/sipnjoy-widewonder-cocuk-su-termosu-420-ml-swan-harmony-pm-HBC0000G0K8E3
2026-08-13 14:47,SipnJoy,HBC0000910TJ3,SipnJoy Termos Yemek Kabı | 360 ml,1490.0,https://www.hepsiburada.com/sipnjoy-termos-yemek-kabi-360-ml-pm-HBC0000910TJ3
2026-08-13 14:47,SipnJoy,HBC0000FS5ZWW,SipnJoy -QuickGulp Tritan Suluk | 420 ml - Bee Honey,990.0,https://www.hepsiburada.com/sipnjoy-quickgulp-tritan-suluk-420-ml-bee-honey-pm-HBC0000FS5ZWW
2026-08-13 14:47,SipnJoy,HBC0000910TRV,SipnJoy Su Termosu | 750 ml,1400.0,https://www.hepsiburada.com/sipnjoy-su-termosu-750-ml-pm-HBC0000910TRV
2026-08-13 14:47,SipnJoy,HBC0000G0K7WU,SipnJoy - Coffee Mug | 480 ml - Beyaz,1080.0,https://www.hepsiburada.com/sipnjoy-coffee-mug-480-ml-beyaz-pm-HBC0000G0K7WU
2026-08-13 14:47,SipnJoy,HBC0000G0K8EW,SipnJoy Strawbuddy Tumbler | 360 ml,1590.0,https://www.hepsiburada.com/sipnjoy-strawbuddy-tumbler-360-ml-pm-HBC0000G0K8EW
2026-08-13 14:47,SipnJoy,HBC0000G0K7WV,SipnJoy - Coffee Mug | 480 ml - Siyah,1080.0,https://www.hepsiburada.com/sipnjoy-coffee-mug-480-ml-siyah-pm-HBC0000G0K7WV
2026-08-13 14:47,SipnJoy,HBC0000G0K8EU,SipnJoy Tumbler | 1200 ml,1840.0,https://www.hepsiburada.com/sipnjoy-tumbler-1200-ml-pm-HBC0000G0K8EU
2026-08-13 14:47,SipnJoy,HBC0000FSE6QW,SipnJoy - Coffee Mug | 480 ml - Mavi,1080.0,https://www.hepsiburada.com/sipnjoy-coffee-mug-480-ml-mavi-pm-HBC0000FSE6QW
2026-08-13 14:47,Mareas-CoolBottles,HBC0000BSTFOT,Cool Bottles The Tumbler - Electric Garden 330ML,2439.9,https://www.hepsiburada.com/the-tumbler-electric-garden-330ml-pm-HBC0000BSTFOT
2026-08-13 14:47,Mareas-CoolBottles,HBC0000BTPHUR,Cool Bottles The Bottle - Vivid Red 500ML,2519.9,https://www.hepsiburada.com/the-bottle-vivid-red-500ml-pm-HBC0000BTPHUR
2026-08-13 14:47,Mareas-CoolBottles,HBC0000BST7F4,Cool Bottles The Tumbler - Vivid Turquoise 330ML,2119.9,https://www.hepsiburada.com/the-tumbler-vivid-turquoise-330ml-pm-HBC0000BST7F4
2026-08-13 14:47,Mareas-CoolBottles,HBC0000BST6T7,Cool Bottles The Tumbler - Pastel Green 330ML,2119.9,https://www.hepsiburada.com/the-tumbler-pastel-green-330ml-pm-HBC0000BST6T7
2026-08-13 14:47,Mareas-CoolBottles,HBC0000BSTLBC,Cool Bottles The Tumbler - Allegra 330ML,2439.9,https://www.hepsiburada.com/the-tumbler-allegra-330ml-pm-HBC0000BSTLBC
2026-08-13 14:47,Mareas-CoolBottles,HBC0000BST24G,Cool Bottles The Bottle - Good Vibes 500ML,2819.9,https://www.hepsiburada.com/the-bottle-good-vibes-500ml-pm-HBC0000BST24G
2026-08-13 14:47,Mareas-CoolBottles,HBC0000BSOJ6Z,Cool Bottles The Tumbler - Good Vibes 550ML,2599.9,https://www.hepsiburada.com/the-tumbler-good-vibes-550ml-pm-HBC0000BSOJ6Z
2026-08-13 14:47,Mareas-CoolBottles,HBC0000BST152,Cool Bottles The Bottle - Metallic Rose 350ML,2239.9,https://www.hepsiburada.com/the-bottle-metallic-rose-350ml-pm-HBC0000BST152
2026-08-13 14:47,Mareas-CoolBottles,HBC0000BSTE0G,Cool Bottles The Sport Bottle - Paris - 725ML,3119.9,https://www.hepsiburada.com/the-sport-bottle-paris-725ml-pm-HBC0000BSTE0G
2026-08-13 14:47,Mareas-CoolBottles,HBC0000BSTGMB,Cool Bottles The Tumbler - Vivid Red 330ML,2119.9,https://www.hepsiburada.com/the-tumbler-vivid-red-330ml-pm-HBC0000BSTGMB
2026-08-13 14:47,Mareas-CoolBottles,HBC0000BST8WS,Cool Bottles The Tumbler - Vivid Quetzal 330ML,2119.9,https://www.hepsiburada.com/the-tumbler-vivid-quetzal-330ml-pm-HBC0000BST8WS
2026-08-13 14:47,Mareas-CoolBottles,HBC0000BST049,Cool Bottles The Tumbler - Metallic Rose 550ML,2309.9,https://www.hepsiburada.com/the-tumbler-metallic-rose-550ml-pm-HBC0000BST049
2026-08-13 14:47,Mareas-CoolBottles,HBC0000BST2H7,Cool Bottles The Tumbler - Metallic Rose 330ML,2119.9,https://www.hepsiburada.com/the-tumbler-metallic-rose-330ml-pm-HBC0000BST2H7
2026-08-13 14:47,Mareas-CoolBottles,HBC0000BSTALW,Cool Bottles The Tumbler - Pastel Pink 330ML,2119.9,https://www.hepsiburada.com/the-tumbler-pastel-pink-330ml-pm-HBC0000BSTALW
2026-08-13 14:47,Mareas-CoolBottles,HBC0000BSTQ1W,Cool Bottles The Bottle - Allegra 500ML,2819.9,https://www.hepsiburada.com/the-bottle-allegra-500ml-pm-HBC0000BSTQ1W
2026-08-13 14:47,Mareas-CoolBottles,HBC0000BSSTFT,Cool Bottles The Bottle - Vivid Quetzal 350ML,2239.9,https://www.hepsiburada.com/the-bottle-vivid-quetzal-350ml-pm-HBC0000BSSTFT
2026-08-13 14:47,Mareas-CoolBottles,HBC0000BSSUQA,Cool Bottles The Bottle - Mediterranean 500ML,2819.9,https://www.hepsiburada.com/the-bottle-mediterranean-500ml-pm-HBC0000BSSUQA
2026-08-13 14:47,Mareas-CoolBottles,HBC0000BSTAE4,Cool Bottles The Tumbler - Mediterranean 330ML,2439.9,https://www.hepsiburada.com/the-tumbler-mediterranean-330ml-pm-HBC0000BSTAE4
2026-08-13 14:47,Mareas-CoolBottles,HBC0000BSTQOV,Cool Bottles The Bottle - Pastel Green 500ML,2519.9,https://www.hepsiburada.com/the-bottle-pastel-green-500ml-pm-HBC0000BSTQOV
2026-08-13 14:47,Mareas-CoolBottles,HBC0000BSTJMG,Cool Bottles The Tumbler - Vivid Blue 330ML,2119.9,https://www.hepsiburada.com/the-tumbler-vivid-blue-330ml-pm-HBC0000BSTJMG
2026-08-13 14:47,Mareas-CoolBottles,HBC0000BST859,Cool Bottles The Tumbler - Floral Madness 550ML,2599.9,https://www.hepsiburada.com/the-tumbler-floral-madness-550ml-pm-HBC0000BST859
2026-08-13 14:47,Mareas-CoolBottles,HBC0000BST158,Cool Bottles The Tumbler - Underwater Fun 330ML,2439.9,https://www.hepsiburada.com/the-tumbler-underwater-fun-330ml-pm-HBC0000BST158
2026-08-13 14:47,Mareas-CoolBottles,HBC0000BST0HH,Cool Bottles The Bottle - Dragonfly Paradise 500ML,2819.9,https://www.hepsiburada.com/the-bottle-dragonfly-paradise-500ml-pm-HBC0000BST0HH
2026-08-13 14:47,Mareas-CoolBottles,HBC0000BSTLBA,Cool Bottles The Tumbler - Vivid Orange 330ML,2119.9,https://www.hepsiburada.com/the-tumbler-vivid-orange-330ml-pm-HBC0000BSTLBA
2026-08-13 14:47,Mareas-CoolBottles,HBC0000BSOICW,Cool Bottles The Bottle - Vivid Yellow 350ML,2239.9,https://www.hepsiburada.com/the-bottle-vivid-yellow-350ml-pm-HBC0000BSOICW
2026-08-13 14:47,Mareas-CoolBottles,HBC0000BSTFD1,Cool Bottles The Bottle - Pastel Green 350ML,2239.9,https://www.hepsiburada.com/the-bottle-pastel-green-350ml-pm-HBC0000BSTFD1
2026-08-13 14:47,Mareas-CoolBottles,HBC0000BSTCOR,Cool Bottles The Tumbler - René 550ML,2599.9,https://www.hepsiburada.com/the-tumbler-ren-550ml-pm-HBC0000BSTCOR
2026-08-13 14:47,Mareas-CoolBottles,HBC0000BSTKCT,Cool Bottles The Bottle - René 500ML,2819.9,https://www.hepsiburada.com/the-bottle-ren-500ml-pm-HBC0000BSTKCT
2026-08-13 14:47,Mareas-CoolBottles,HBC0000BSSY02,Cool Bottles The Bottle - Metallic Rose 500ML,2519.9,https://www.hepsiburada.com/the-bottle-metallic-rose-500ml-pm-HBC0000BSSY02
2026-08-13 14:47,Mareas-CoolBottles,HBC0000BSU9WP,Cool Bottles The Bottle - Vivid Blue 350ML,2239.9,https://www.hepsiburada.com/the-bottle-vivid-blue-350ml-pm-HBC0000BSU9WP
2026-08-13 14:47,Mareas-CoolBottles,HBC0000BSTCOL,Cool Bottles The Tumbler - Vivid Violet 330ML,2119.9,https://www.hepsiburada.com/the-tumbler-vivid-violet-330ml-pm-HBC0000BSTCOL
2026-08-13 14:47,Mareas-CoolBottles,HBC0000BSSZCP,Cool Bottles Flip Straw Cap 260-350-500ML - Sky,,https://www.hepsiburada.com/flip-straw-cap-260-350-500ml-sky-pm-HBC0000BSSZCP
2026-08-13 14:47,Mareas-CoolBottles,HBC0000BSSTSA,Cool Bottles The Bottle - Vivid Turquoise 350ML,2239.9,https://www.hepsiburada.com/the-bottle-vivid-turquoise-350ml-pm-HBC0000BSSTSA
2026-08-13 14:47,Mareas-CoolBottles,HBC0000BSSSKJ,Cool Bottles The Bottle - Mystical Lions 500ML,2819.9,https://www.hepsiburada.com/the-bottle-mystical-lions-500ml-pm-HBC0000BSSSKJ
2026-08-13 14:47,Mareas-CoolBottles,HBC0000BSSYCB,Cool Bottles The Bottle - Ocean Breeze 500ML,2819.9,https://www.hepsiburada.com/the-bottle-ocean-breeze-500ml-pm-HBC0000BSSYCB
2026-08-13 14:47,Mareas-CoolBottles,HBC0000BTONI0,Cool Bottles The Bottle - Vivid Violet 350ML,2239.9,https://www.hepsiburada.com/the-bottle-vivid-violet-350ml-pm-HBC0000BTONI0
2026-08-13 14:47,Mareas-CoolBottles,HBC0000BSTIK6,Cool Bottles The Bottle - Mono Black 500ML,2519.9,https://www.hepsiburada.com/the-bottle-mono-black-500ml-pm-HBC0000BSTIK6
2026-08-13 14:47,Mareas-CoolBottles,HBC0000BSTJME,Cool Bottles The Bottle - Floral Madness 500ML,2819.9,https://www.hepsiburada.com/the-bottle-floral-madness-500ml-pm-HBC0000BSTJME
2026-08-13 14:47,Mareas-CoolBottles,HBC0000BSTO9C,Cool Bottles The Sport Bottle - Brisbane - 950ML,3409.9,https://www.hepsiburada.com/the-sport-bottle-brisbane-950ml-pm-HBC0000BSTO9C
2026-08-13 14:47,Mareas-CoolBottles,HBC0000BST154,Cool Bottles The Bottle - Vivid Quetzal 500ML,2519.9,https://www.hepsiburada.com/the-bottle-vivid-quetzal-500ml-pm-HBC0000BST154
2026-08-13 14:47,Mareas-CoolBottles,HBC0000BSTDLS,Cool Bottles The Tumbler - Pastel Sky 330ML,2119.9,https://www.hepsiburada.com/the-tumbler-pastel-sky-330ml-pm-HBC0000BSTDLS
2026-08-13 14:47,Mareas-CoolBottles,HBC0000BSTCOP,Cool Bottles The Tumbler - Vivid Orange 550ML,2309.9,https://www.hepsiburada.com/the-tumbler-vivid-orange-550ml-pm-HBC0000BSTCOP
2026-08-13 14:47,Mareas-CoolBottles,HBC0000BSTLDA,Cool Bottles The Tumbler - Sunshine Fiesta 330ML,2439.9,https://www.hepsiburada.com/the-tumbler-sunshine-fiesta-330ml-pm-HBC0000BSTLDA
2026-08-13 14:47,Mareas-CoolBottles,HBC0000BST15C,Cool Bottles Flip Straw Cap 260-350-500ML - Dark Green,,https://www.hepsiburada.com/flip-straw-cap-260-350-500ml-dark-green-pm-HBC0000BST15C
2026-08-13 15:42,SipnJoy,HBC0000C5G4SC,Sipnjoy - Sippypals Çocuk Su Termosu | 360 ml -  Koyu Mavi,1990.0,https://www.hepsiburada.com/sipnjoy-sippypals-cocuk-su-termosu-360-ml-koyu-mavi-pm-HBC0000C5G4SC
2026-08-13 15:42,SipnJoy,HBC0000G0K8EH,SipnJoy - FlipSip Çocuk Su Termosu | 360 ml - Mermaid Dream,2090.0,https://www.hepsiburada.com/sipnjoy-flipsip-cocuk-su-termosu-360-ml-paslanmaz-celik-koyu-pembe-ergonomik-tasarim-pm-HBC0000G0K8EH
2026-08-13 15:42,SipnJoy,HBC0000G0K8E5,Sipnjoy - Sippypals Çocuk Su Termosu | 360 ml -  Mor,1990.0,https://www.hepsiburada.com/sipnjoy-sippypals-cocuk-su-termosu-360-ml-mor-pm-HBC0000G0K8E5
2026-08-13 15:42,SipnJoy,HBC0000G0K7WF,SipnJoy - FlipSip Çocuk Su Termosu | 360 ml - Fly Pal,2090.0,https://www.hepsiburada.com/sipnjoy-flipsip-cocuk-su-termosu-360-ml-fly-pal-pm-HBC0000G0K7WF
2026-08-13 15:42,SipnJoy,HBC0000G0K7WD,SipnJoy - FlipSip Çocuk Su Termosu | 360 ml - Bee Honey,2090.0,https://www.hepsiburada.com/sipnjoy-flipsip-cocuk-su-termosu-360-ml-bee-honey-pm-HBC0000G0K7WD
2026-08-13 15:42,SipnJoy,HBC0000G0K7WC,SipnJoy - FlipSip Çocuk Su Termosu | 360 ml - Firefighter Buddy,2090.0,https://www.hepsiburada.com/sipnjoy-flipsip-cocuk-su-termosu-360-ml-firefighter-buddy-pm-HBC0000G0K7WC
2026-08-13 15:42,SipnJoy,HBC0000G0K8EL,SipnJoy Handlehug Sarı Termos 550 ml Paslanmaz Çelik ile Çocuklar için Ergonomik Tasarım,2190.0,https://www.hepsiburada.com/sipnjoy-handlehug-sari-termos-550-ml-paslanmaz-celik-ile-cocuklar-icin-ergonomik-tasarim-pm-HBC0000G0K8EL
2026-08-13 15:42,SipnJoy,HBC0000G0K8EJ,SipnJoy - FlipSip Çocuk Su Termosu | 360 ml -  Dino Roar,2090.0,https://www.hepsiburada.com/sipnjoy-flipsip-cocuk-su-termosu-360-ml-dino-roar-pm-HBC0000G0K8EJ
2026-08-13 15:42,SipnJoy,HBC0000G0K7W9,SipnJoy - HandleHug Tumbler | 550 ml - Lila,2190.0,https://www.hepsiburada.com/sipnjoy-handlehug-tumbler-550-ml-lila-pm-HBC0000G0K7W9
2026-08-13 15:42,SipnJoy,HBC0000G0K8F0,SipnJoy 360 ml Pembe Termos Pipetli Tasarım ile Çocuklar İçin Eğlenceli ve Pratik Kullanım,1590.0,https://www.hepsiburada.com/sipnjoy-360-ml-pembe-termos-pipetli-tasarim-ile-cocuklar-icin-eglenceli-ve-pratik-kullanim-pm-HBC0000G0K8F0
2026-08-13 15:42,SipnJoy,HBC0000G0K8EK,SipnJoy - Flipsip Çocuk Su Termosu | 360 ml - Star Explorer,2090.0,https://www.hepsiburada.com/sipnjoy-flipsip-cocuk-su-termosu-360-ml-star-explorer-pm-HBC0000G0K8EK
2026-08-13 15:42,SipnJoy,HBC0000G0K8F1,SipnJoy Strawbuddy Tumbler | 360 ml,1590.0,https://www.hepsiburada.com/sipnjoy-strawbuddy-tumbler-360-ml-pm-HBC0000G0K8F1
2026-08-13 15:42,SipnJoy,HBC0000G0K8EV,SipnJoy 550 ml Turuncu Termos Handlehug Tumbler Paslanmaz Çelik Malzemeden Ergonomik Tasarım,2190.0,https://www.hepsiburada.com/sipnjoy-550-ml-turuncu-termos-handlehug-tumbler-paslanmaz-celik-malzemeden-ergonomik-tasarim-pm-HBC0000G0K8EV
2026-08-13 15:42,SipnJoy,HBC0000G0K8EQ,SipnJoy Tumbler | 1200 ml,1840.0,https://www.hepsiburada.com/sipnjoy-tumbler-1200-ml-pm-HBC0000G0K8EQ
2026-08-13 15:42,SipnJoy,HBC0000G0K7WY,SipnJoy - QuickGulp Tritan Suluk | 420 ml - Adventure Trails,990.0,https://www.hepsiburada.com/sipnjoy-quickgulp-tritan-suluk-420-ml-adventure-trails-pm-HBC0000G0K7WY
2026-08-13 15:42,SipnJoy,HBC0000G0K8EX,SipnJoy 550 ml Termos Pembe Renkli Paslanmaz Çelik Handlehug Tumbler Ergonomik Tasarım,2190.0,https://www.hepsiburada.com/sipnjoy-550-ml-termos-pembe-renkli-paslanmaz-celik-handlehug-tumbler-ergonomik-tasarim-pm-HBC0000G0K8EX
2026-08-13 15:42,SipnJoy,HBC0000G0K8EP,SipnJoy Strawbuddy Tumbler | 360 ml,1590.0,https://www.hepsiburada.com/sipnjoy-strawbuddy-tumbler-360-ml-pm-HBC0000G0K8EP
2026-08-13 15:42,SipnJoy,HBC0000910SRD,SipnJoy - FlipSip Çocuk Su Termosu | 360 ml - Golden Horn,2090.0,https://www.hepsiburada.com/sipnjoy-flipsip-cocuk-su-termosu-360-ml-pm-HBC0000910SRD
2026-08-13 15:42,SipnJoy,HBC0000FYUU2Z,SipnJoy Flipsip Mavi Çocuk Su Termosu 360 ml Paslanmaz Çelik Ergonomik Tasarım Özellikli,2090.0,https://www.hepsiburada.com/sipnjoy-flipsip-cocuk-su-termosu-360-ml-pm-HBC0000FYUU2Z
2026-08-13 15:42,SipnJoy,HBC0000FTT77G,SipnJoy - SipSquad Plus Çocuk Su Termosu  | 480 ml - Ballerina Sparkle,2390.0,https://www.hepsiburada.com/sipnjoy-sipsquad-plus-cocuk-su-termosu-480-ml-ballerina-sparkle-pm-HBC0000FTT77G
2026-08-13 15:42,SipnJoy,HBC0000G0K7WQ,SipnJoy - SipSquad Plus Çocuk Su Termosu  | 480 ml - Dino Roar,2390.0,https://www.hepsiburada.com/sipnjoy-sipsquad-plus-cocuk-su-termosu-480-ml-dino-roar-pm-HBC0000G0K7WQ
2026-08-13 15:42,SipnJoy,HBC0000FTTFDT,SipnJoy - Termos Yemek Kabı | 360 ml - Dino Roar,2090.0,https://www.hepsiburada.com/sipnjoy-termos-yemek-kabi-360-ml-dino-roar-pm-HBC0000FTTFDT
2026-08-13 15:42,SipnJoy,HBC0000G0K7WK,SipnJoy - FlipSip Çocuk Su Termosu | 360 ml - Giggle Giraffe,2090.0,https://www.hepsiburada.com/sipnjoy-flipsip-cocuk-su-termosu-360-ml-giggle-giraffe-pm-HBC0000G0K7WK
2026-08-13 15:42,SipnJoy,HBC0000G0K7WN,SipnJoy - SipSquad Plus Çocuk Su Termosu  | 480 ml - Mermaid Dream,2390.0,https://www.hepsiburada.com/sipnjoy-sipsquad-plus-cocuk-su-termosu-480-ml-mermaid-dream-pm-HBC0000G0K7WN
2026-08-13 15:42,SipnJoy,HBC0000FU4NKD,SipnJoy - Termos Yemek Kabı | 360 ml - Fairy Sparkle,2090.0,https://www.hepsiburada.com/sipnjoy-termos-yemek-kabi-360-ml-fairy-sparkle-pm-HBC0000FU4NKD
2026-08-13 15:42,SipnJoy,HBC0000FU4MAU,SipnJoy - Termos Yemek Kabı | 360 ml - Star Explorer,2090.0,https://www.hepsiburada.com/sipnjoy-termos-yemek-kabi-360-ml-star-explorer-pm-HBC0000FU4MAU
2026-08-13 15:42,SipnJoy,HBCV0000FTTM3R,SipnJoy - FlipSip Çocuk Su Termosu | 360 ml - Turtle Voyage,2090.0,https://www.hepsiburada.com/sipnjoy-flipsip-cocuk-su-termosu-360-ml-turtle-voyage-p-HBCV0000FTTM3R
2026-08-13 15:42,SipnJoy,HBCV0000G0KZF9,Sipnjoy - Flipsip Çocuk Su Termosu | 360 ml - Ballerina Sparkle,2090.0,https://www.hepsiburada.com/sipnjoy-flipsip-cocuk-su-termosu-360-ml-ballerina-sparkle-p-HBCV0000G0KZF9
2026-08-13 15:42,SipnJoy,HBC0000G0K7W6,SipnJoy - HandleHug Tumbler | 550 ml - Pudra Pembe,2190.0,https://www.hepsiburada.com/sipnjoy-handlehug-tumbler-550-ml-pudra-pembe-pm-HBC0000G0K7W6
2026-08-13 15:42,SipnJoy,HBC0000G0K7WP,SipnJoy - SipSquad Plus Çocuk Su Termosu  | 480 ml - Star Explorer,2390.0,https://www.hepsiburada.com/sipnjoy-sipsquad-plus-cocuk-su-termosu-480-ml-star-explorer-pm-HBC0000G0K7WP
2026-08-13 15:42,SipnJoy,HBC0000FTT9N7,SipnJoy - FlipSip Çocuk Su Termosu | 360 ml - Jolly Elephant,2090.0,https://www.hepsiburada.com/sipnjoy-flipsip-cocuk-su-termosu-360-ml-jolly-elephant-pm-HBC0000FTT9N7
2026-08-13 15:42,SipnJoy,HBCV0000G0I4BB,Sipnjoy - Flipsip Çocuk Su Termosu | 550 ml - Golden Horn,2290.0,https://www.hepsiburada.com/sipnjoy-flipsip-cocuk-su-termosu-550-ml-golden-horn-p-HBCV0000G0I4BB
2026-08-13 15:42,SipnJoy,HBC0000G0K7W5,SipnJoy - HandleHug Tumbler | 550 ml - Turkuaz,2190.0,https://www.hepsiburada.com/sipnjoy-handlehug-tumbler-550-ml-turkuaz-pm-HBC0000G0K7W5
2026-08-13 15:42,SipnJoy,HBC0000G0K8EI,SipnJoy - Flipsip Çocuk Su Termosu | 360 ml - Adventure Trail,2090.0,https://www.hepsiburada.com/sipnjoy-flipsip-cocuk-su-termosu-360-ml-adventure-trail-pm-HBC0000G0K8EI
2026-08-13 15:42,SipnJoy,HBC0000G0K7WR,SipnJoy - SipSquad Plus Çocuk Su Termosu  | 480 ml - Snappy Croc,2390.0,https://www.hepsiburada.com/sipnjoy-sipsquad-plus-cocuk-su-termosu-480-ml-snappy-croc-pm-HBC0000G0K7WR
2026-08-13 15:42,SipnJoy,HBC0000G0K7WM,SipnJoy - SipSquad Plus Çocuk Su Termosu  | 480 ml - Golden Horn,2390.0,https://www.hepsiburada.com/sipnjoy-sipsquad-plus-cocuk-su-termosu-480-ml-golden-horn-pm-HBC0000G0K7WM
2026-08-13 15:42,SipnJoy,HBC0000G0K7W7,SipnJoy - HandleHug Tumbler | 550 ml - Limon,2190.0,https://www.hepsiburada.com/sipnjoy-handlehug-tumbler-550-ml-limon-pm-HBC0000G0K7W7
2026-08-13 15:42,SipnJoy,HBC0000G0K7WA,SipnJoy - FlipSip Çocuk Su Termosu | 360 ml - Builder Buddy,2090.0,https://www.hepsiburada.com/sipnjoy-flipsip-cocuk-su-termosu-360-ml-builder-buddy-pm-HBC0000G0K7WA
2026-08-13 15:42,SipnJoy,HBC0000FU4PYM,SipnJoy - Termos Yemek Kabı | 360 ml - Golden Horn,2090.0,https://www.hepsiburada.com/sipnjoy-termos-yemek-kabi-360-ml-golden-horn-pm-HBC0000FU4PYM
2026-08-13 15:42,SipnJoy,HBC0000910TFA,SipnJoy Handlehug Tumbler Termos 550 ml Mint Renk Paslanmaz Çelik Ergonomik Tasarım Özellikli,2190.0,https://www.hepsiburada.com/sipnjoy-handlehug-tumbler-550-ml-pm-HBC0000910TFA
2026-08-13 15:42,SipnJoy,HBC0000G0K7WL,SipnJoy - FlipSip Çocuk Su Termosu | 360 ml - Twisty Joy,2090.0,https://www.hepsiburada.com/sipnjoy-flipsip-cocuk-su-termosu-360-ml-twisty-joy-pm-HBC0000G0K7WL
2026-08-13 15:42,SipnJoy,HBC0000G0K7WI,SipnJoy - SipSquad Plus Çocuk Su Termosu  | 480 ml - Fairy Sparkle,2390.0,https://www.hepsiburada.com/sipnjoy-sipsquad-plus-cocuk-su-termosu-480-ml-fairy-sparkle-pm-HBC0000G0K7WI
2026-08-13 15:42,SipnJoy,HBC0000G0K7WB,SipnJoy - FlipSip Çocuk Su Termosu | 360 ml - Rescue Crew,2090.0,https://www.hepsiburada.com/sipnjoy-flipsip-cocuk-su-termosu-360-ml-rescue-crew-pm-HBC0000G0K7WB
2026-08-13 15:42,SipnJoy,HBC0000G0K7WJ,SipnJoy - FlipSip Çocuk Su Termosu | 360 ml - Lively Roar,2090.0,https://www.hepsiburada.com/sipnjoy-flipsip-cocuk-su-termosu-360-ml-lively-roar-pm-HBC0000G0K7WJ
2026-08-13 15:42,SipnJoy,HBC0000910SIS,SipnJoy Strawbuddy Tumbler | 360 ml,1590.0,https://www.hepsiburada.com/sipnjoy-strawbuddy-tumbler-360-ml-pm-HBC0000910SIS
2026-08-13 15:42,SipnJoy,HBC0000G0K7WW,SipnJoy - QuickGulp Tritan Suluk | 420 ml - Jungle Jam,990.0,https://www.hepsiburada.com/sipnjoy-quickgulp-tritan-suluk-420-ml-jungle-jam-pm-HBC0000G0K7WW
2026-08-13 15:42,SipnJoy,HBC0000G0K8EO,SipnJoy Su Termosu | 750 ml,1400.0,https://www.hepsiburada.com/sipnjoy-su-termosu-750-ml-pm-HBC0000G0K8EO
2026-08-13 15:42,SipnJoy,HBC0000G0K7WX,SipnJoy - QuickGulp Tritan Suluk | 420 ml - Farmyard Fun,990.0,https://www.hepsiburada.com/sipnjoy-quickgulp-tritan-suluk-420-ml-farmyard-fun-pm-HBC0000G0K7WX
2026-08-13 15:42,SipnJoy,HBC0000G0K7WG,SipnJoy - FlipSip Çocuk Su Termosu | 360 ml - Jungle Jam,2090.0,https://www.hepsiburada.com/sipnjoy-flipsip-cocuk-su-termosu-360-ml-jungle-jam-pm-HBC0000G0K7WG
2026-08-13 15:42,SipnJoy,HBC0000910TEP,SipnJoy - Tumbler | 1200 ml - Siyah,1840.0,https://www.hepsiburada.com/sipnjoy-tumbler-1200-ml-pm-HBC0000910TEP
2026-08-13 15:42,SipnJoy,HBC0000G0K8E3,Sipnjoy - Widewonder Çocuk Su Termosu | 420 ml - Swan Harmony,1490.0,https://www.hepsiburada.com/sipnjoy-widewonder-cocuk-su-termosu-420-ml-swan-harmony-pm-HBC0000G0K8E3
2026-08-13 15:42,SipnJoy,HBC0000910TJ3,SipnJoy Termos Yemek Kabı | 360 ml,1490.0,https://www.hepsiburada.com/sipnjoy-termos-yemek-kabi-360-ml-pm-HBC0000910TJ3
2026-08-13 15:42,SipnJoy,HBC0000FS5ZWW,SipnJoy -QuickGulp Tritan Suluk | 420 ml - Bee Honey,990.0,https://www.hepsiburada.com/sipnjoy-quickgulp-tritan-suluk-420-ml-bee-honey-pm-HBC0000FS5ZWW
2026-08-13 15:42,SipnJoy,HBC0000910TRV,SipnJoy Su Termosu | 750 ml,1400.0,https://www.hepsiburada.com/sipnjoy-su-termosu-750-ml-pm-HBC0000910TRV
2026-08-13 15:42,SipnJoy,HBC0000G0K7WU,SipnJoy - Coffee Mug | 480 ml - Beyaz,1080.0,https://www.hepsiburada.com/sipnjoy-coffee-mug-480-ml-beyaz-pm-HBC0000G0K7WU
2026-08-13 15:42,SipnJoy,HBC0000G0K8EW,SipnJoy Strawbuddy Tumbler | 360 ml,1590.0,https://www.hepsiburada.com/sipnjoy-strawbuddy-tumbler-360-ml-pm-HBC0000G0K8EW
2026-08-13 15:42,SipnJoy,HBC0000G0K7WV,SipnJoy - Coffee Mug | 480 ml - Siyah,1080.0,https://www.hepsiburada.com/sipnjoy-coffee-mug-480-ml-siyah-pm-HBC0000G0K7WV
2026-08-13 15:42,SipnJoy,HBC0000G0K8EU,SipnJoy Tumbler | 1200 ml,1840.0,https://www.hepsiburada.com/sipnjoy-tumbler-1200-ml-pm-HBC0000G0K8EU
2026-08-13 15:42,SipnJoy,HBC0000FSE6QW,SipnJoy - Coffee Mug | 480 ml - Mavi,1080.0,https://www.hepsiburada.com/sipnjoy-coffee-mug-480-ml-mavi-pm-HBC0000FSE6QW
2026-08-13 15:42,Mareas-CoolBottles,HBC0000BSTFOT,Cool Bottles The Tumbler - Electric Garden 330ML,2439.9,https://www.hepsiburada.com/the-tumbler-electric-garden-330ml-pm-HBC0000BSTFOT
2026-08-13 15:42,Mareas-CoolBottles,HBC0000BTPHUR,Cool Bottles The Bottle - Vivid Red 500ML,2519.9,https://www.hepsiburada.com/the-bottle-vivid-red-500ml-pm-HBC0000BTPHUR
2026-08-13 15:42,Mareas-CoolBottles,HBC0000BST7F4,Cool Bottles The Tumbler - Vivid Turquoise 330ML,2119.9,https://www.hepsiburada.com/the-tumbler-vivid-turquoise-330ml-pm-HBC0000BST7F4
2026-08-13 15:42,Mareas-CoolBottles,HBC0000BST6T7,Cool Bottles The Tumbler - Pastel Green 330ML,2119.9,https://www.hepsiburada.com/the-tumbler-pastel-green-330ml-pm-HBC0000BST6T7
2026-08-13 15:42,Mareas-CoolBottles,HBC0000BSOJ6Z,Cool Bottles The Tumbler - Good Vibes 550ML,2599.9,https://www.hepsiburada.com/the-tumbler-good-vibes-550ml-pm-HBC0000BSOJ6Z
2026-08-13 15:42,Mareas-CoolBottles,HBC0000BST24G,Cool Bottles The Bottle - Good Vibes 500ML,2819.9,https://www.hepsiburada.com/the-bottle-good-vibes-500ml-pm-HBC0000BST24G
2026-08-13 15:42,Mareas-CoolBottles,HBC0000BSTLBC,Cool Bottles The Tumbler - Allegra 330ML,2439.9,https://www.hepsiburada.com/the-tumbler-allegra-330ml-pm-HBC0000BSTLBC
2026-08-13 15:42,Mareas-CoolBottles,HBC0000BST152,Cool Bottles The Bottle - Metallic Rose 350ML,2239.9,https://www.hepsiburada.com/the-bottle-metallic-rose-350ml-pm-HBC0000BST152
2026-08-13 15:42,Mareas-CoolBottles,HBC0000BSTE0G,Cool Bottles The Sport Bottle - Paris - 725ML,3119.9,https://www.hepsiburada.com/the-sport-bottle-paris-725ml-pm-HBC0000BSTE0G
2026-08-13 15:42,Mareas-CoolBottles,HBC0000BST8WS,Cool Bottles The Tumbler - Vivid Quetzal 330ML,2119.9,https://www.hepsiburada.com/the-tumbler-vivid-quetzal-330ml-pm-HBC0000BST8WS
2026-08-13 15:42,Mareas-CoolBottles,HBC0000BST049,Cool Bottles The Tumbler - Metallic Rose 550ML,2309.9,https://www.hepsiburada.com/the-tumbler-metallic-rose-550ml-pm-HBC0000BST049
2026-08-13 15:42,Mareas-CoolBottles,HBC0000BSTGMB,Cool Bottles The Tumbler - Vivid Red 330ML,2119.9,https://www.hepsiburada.com/the-tumbler-vivid-red-330ml-pm-HBC0000BSTGMB
2026-08-13 15:42,Mareas-CoolBottles,HBC0000BST2H7,Cool Bottles The Tumbler - Metallic Rose 330ML,2119.9,https://www.hepsiburada.com/the-tumbler-metallic-rose-330ml-pm-HBC0000BST2H7
2026-08-13 15:42,Mareas-CoolBottles,HBC0000BSTQ1W,Cool Bottles The Bottle - Allegra 500ML,2819.9,https://www.hepsiburada.com/the-bottle-allegra-500ml-pm-HBC0000BSTQ1W
2026-08-13 15:42,Mareas-CoolBottles,HBC0000BSTALW,Cool Bottles The Tumbler - Pastel Pink 330ML,2119.9,https://www.hepsiburada.com/the-tumbler-pastel-pink-330ml-pm-HBC0000BSTALW
2026-08-13 15:42,Mareas-CoolBottles,HBC0000BSSTFT,Cool Bottles The Bottle - Vivid Quetzal 350ML,2239.9,https://www.hepsiburada.com/the-bottle-vivid-quetzal-350ml-pm-HBC0000BSSTFT
2026-08-13 15:42,Mareas-CoolBottles,HBC0000BSSUQA,Cool Bottles The Bottle - Mediterranean 500ML,2819.9,https://www.hepsiburada.com/the-bottle-mediterranean-500ml-pm-HBC0000BSSUQA
2026-08-13 15:42,Mareas-CoolBottles,HBC0000BST859,Cool Bottles The Tumbler - Floral Madness 550ML,2599.9,https://www.hepsiburada.com/the-tumbler-floral-madness-550ml-pm-HBC0000BST859
2026-08-13 15:42,Mareas-CoolBottles,HBC0000BSTQOV,Cool Bottles The Bottle - Pastel Green 500ML,2519.9,https://www.hepsiburada.com/the-bottle-pastel-green-500ml-pm-HBC0000BSTQOV
2026-08-13 15:42,Mareas-CoolBottles,HBC0000BSTJMG,Cool Bottles The Tumbler - Vivid Blue 330ML,2119.9,https://www.hepsiburada.com/the-tumbler-vivid-blue-330ml-pm-HBC0000BSTJMG
2026-08-13 15:42,Mareas-CoolBottles,HBC0000BSTAE4,Cool Bottles The Tumbler - Mediterranean 330ML,2439.9,https://www.hepsiburada.com/the-tumbler-mediterranean-330ml-pm-HBC0000BSTAE4
2026-08-13 15:42,Mareas-CoolBottles,HBC0000BSOICW,Cool Bottles The Bottle - Vivid Yellow 350ML,2239.9,https://www.hepsiburada.com/the-bottle-vivid-yellow-350ml-pm-HBC0000BSOICW
2026-08-13 15:42,Mareas-CoolBottles,HBC0000BSTLBA,Cool Bottles The Tumbler - Vivid Orange 330ML,2119.9,https://www.hepsiburada.com/the-tumbler-vivid-orange-330ml-pm-HBC0000BSTLBA
2026-08-13 15:42,Mareas-CoolBottles,HBC0000BST158,Cool Bottles The Tumbler - Underwater Fun 330ML,2439.9,https://www.hepsiburada.com/the-tumbler-underwater-fun-330ml-pm-HBC0000BST158
2026-08-13 15:42,Mareas-CoolBottles,HBC0000BST0HH,Cool Bottles The Bottle - Dragonfly Paradise 500ML,2819.9,https://www.hepsiburada.com/the-bottle-dragonfly-paradise-500ml-pm-HBC0000BST0HH
2026-08-13 15:42,Mareas-CoolBottles,HBC0000BSSY02,Cool Bottles The Bottle - Metallic Rose 500ML,2519.9,https://www.hepsiburada.com/the-bottle-metallic-rose-500ml-pm-HBC0000BSSY02
2026-08-13 15:42,Mareas-CoolBottles,HBC0000BSTKCT,Cool Bottles The Bottle - René 500ML,2819.9,https://www.hepsiburada.com/the-bottle-ren-500ml-pm-HBC0000BSTKCT
2026-08-13 15:42,Mareas-CoolBottles,HBC0000BSTFD1,Cool Bottles The Bottle - Pastel Green 350ML,2239.9,https://www.hepsiburada.com/the-bottle-pastel-green-350ml-pm-HBC0000BSTFD1
2026-08-13 15:42,Mareas-CoolBottles,HBC0000BSTCOR,Cool Bottles The Tumbler - René 550ML,2599.9,https://www.hepsiburada.com/the-tumbler-ren-550ml-pm-HBC0000BSTCOR
2026-08-13 15:42,Mareas-CoolBottles,HBC0000BSU9WP,Cool Bottles The Bottle - Vivid Blue 350ML,2239.9,https://www.hepsiburada.com/the-bottle-vivid-blue-350ml-pm-HBC0000BSU9WP
2026-08-13 15:42,Mareas-CoolBottles,HBC0000BSTCOL,Cool Bottles The Tumbler - Vivid Violet 330ML,2119.9,https://www.hepsiburada.com/the-tumbler-vivid-violet-330ml-pm-HBC0000BSTCOL
2026-08-13 15:42,Mareas-CoolBottles,HBC0000BSSZCP,Cool Bottles Flip Straw Cap 260-350-500ML - Sky,,https://www.hepsiburada.com/flip-straw-cap-260-350-500ml-sky-pm-HBC0000BSSZCP
2026-08-13 15:42,Mareas-CoolBottles,HBC0000BSSTSA,Cool Bottles The Bottle - Vivid Turquoise 350ML,2239.9,https://www.hepsiburada.com/the-bottle-vivid-turquoise-350ml-pm-HBC0000BSSTSA
2026-08-13 15:42,Mareas-CoolBottles,HBC0000BSSSKJ,Cool Bottles The Bottle - Mystical Lions 500ML,2819.9,https://www.hepsiburada.com/the-bottle-mystical-lions-500ml-pm-HBC0000BSSSKJ
2026-08-13 15:42,Mareas-CoolBottles,HBC0000BSSYCB,Cool Bottles The Bottle - Ocean Breeze 500ML,2819.9,https://www.hepsiburada.com/the-bottle-ocean-breeze-500ml-pm-HBC0000BSSYCB
2026-08-13 15:42,Mareas-CoolBottles,HBC0000BSTIK6,Cool Bottles The Bottle - Mono Black 500ML,2519.9,https://www.hepsiburada.com/the-bottle-mono-black-500ml-pm-HBC0000BSTIK6
2026-08-13 15:42,Mareas-CoolBottles,HBC0000BTONI0,Cool Bottles The Bottle - Vivid Violet 350ML,2239.9,https://www.hepsiburada.com/the-bottle-vivid-violet-350ml-pm-HBC0000BTONI0
2026-08-13 15:42,Mareas-CoolBottles,HBC0000BSTJME,Cool Bottles The Bottle - Floral Madness 500ML,2819.9,https://www.hepsiburada.com/the-bottle-floral-madness-500ml-pm-HBC0000BSTJME
2026-08-13 15:42,Mareas-CoolBottles,HBC0000BSTO9C,Cool Bottles The Sport Bottle - Brisbane - 950ML,3409.9,https://www.hepsiburada.com/the-sport-bottle-brisbane-950ml-pm-HBC0000BSTO9C
2026-08-13 15:42,Mareas-CoolBottles,HBC0000BST154,Cool Bottles The Bottle - Vivid Quetzal 500ML,2519.9,https://www.hepsiburada.com/the-bottle-vivid-quetzal-500ml-pm-HBC0000BST154
2026-08-13 15:42,Mareas-CoolBottles,HBC0000BSTDLS,Cool Bottles The Tumbler - Pastel Sky 330ML,2119.9,https://www.hepsiburada.com/the-tumbler-pastel-sky-330ml-pm-HBC0000BSTDLS
2026-08-13 15:42,Mareas-CoolBottles,HBC0000BSTCOP,Cool Bottles The Tumbler - Vivid Orange 550ML,2309.9,https://www.hepsiburada.com/the-tumbler-vivid-orange-550ml-pm-HBC0000BSTCOP
2026-08-13 15:42,Mareas-CoolBottles,HBC0000BSTLDA,Cool Bottles The Tumbler - Sunshine Fiesta 330ML,2439.9,https://www.hepsiburada.com/the-tumbler-sunshine-fiesta-330ml-pm-HBC0000BSTLDA
2026-08-13 15:42,Mareas-CoolBottles,HBC0000BST15C,Cool Bottles Flip Straw Cap 260-350-500ML - Dark Green,,https://www.hepsiburada.com/flip-straw-cap-260-350-500ml-dark-green-pm-HBC0000BST15C
