tarih,marka,seri_adi,varyant,kategori1,hacim,kategori2,platform,fiyat,durum,url
2026-07-28 18:44,Sipnjoy,FlipSip,Adventure-Trails,cocuk termos,360ml,termos,sipnjoylife,2090.0,ok,https://sipnjoylife.com/flipsip-paslanmaz-celik-cocuk-su-termosu-matarasi-suluk-360-ml-sipnjoy-sipnjoylife?Desen=Adventure-Trails
2026-07-28 18:44,Sipnjoy,FlipSip,Bee-Honey,cocuk termos,360ml,termos,sipnjoylife,2090.0,ok,https://sipnjoylife.com/flipsip-paslanmaz-celik-cocuk-su-termosu-matarasi-suluk-360-ml-sipnjoy-sipnjoylife?Desen=Bee-Honey
2026-07-28 18:44,Sipnjoy,FlipSip,Bee-Honey,cocuk termos,360ml,termos,sipnjoylife,2090.0,ok,https://sipnjoylife.com/flipsip-paslanmaz-celik-cocuk-su-termosu-matarasi-suluk-360-ml-sipnjoy-sipnjoylife?Desen=Bee-Honey
2026-07-28 18:44,Sipnjoy,FlipSip,Builder-Buddy,cocuk termos,360ml,termos,sipnjoylife,2090.0,ok,https://sipnjoylife.com/flipsip-paslanmaz-celik-cocuk-su-termosu-matarasi-suluk-360-ml-sipnjoy-sipnjoylife?Desen=Builder-Buddy
2026-07-28 18:44,Sipnjoy,FlipSip,Dino-Roar,cocuk termos,360ml,termos,sipnjoylife,2090.0,ok,https://sipnjoylife.com/flipsip-paslanmaz-celik-cocuk-su-termosu-matarasi-suluk-360-ml-sipnjoy-sipnjoylife?Desen=Dino-Roar
2026-07-28 18:44,Sipnjoy,FlipSip,Dino-Roar,cocuk termos,360ml,termos,sipnjoylife,2090.0,ok,https://sipnjoylife.com/flipsip-paslanmaz-celik-cocuk-su-termosu-matarasi-suluk-360-ml-sipnjoy-sipnjoylife?Desen=Dino-Roar
2026-07-28 18:44,Sipnjoy,FlipSip,Farmyard-Fun,cocuk termos,360ml,termos,sipnjoylife,2090.0,ok,https://sipnjoylife.com/flipsip-paslanmaz-celik-cocuk-su-termosu-matarasi-suluk-360-ml-sipnjoy-sipnjoylife?Desen=Farmyard-Fun
2026-07-28 18:44,Sipnjoy,FlipSip,Firefighter-Buddy,cocuk termos,360ml,termos,sipnjoylife,2090.0,ok,https://sipnjoylife.com/flipsip-paslanmaz-celik-cocuk-su-termosu-matarasi-suluk-360-ml-sipnjoy-sipnjoylife?Desen=Firefighter-Buddy
2026-07-28 18:44,Sipnjoy,FlipSip,Fly-Pal,cocuk termos,360ml,termos,sipnjoylife,2090.0,ok,https://sipnjoylife.com/flipsip-paslanmaz-celik-cocuk-su-termosu-matarasi-suluk-360-ml-sipnjoy-sipnjoylife?Desen=Fly-Pal
2026-07-28 18:44,Sipnjoy,FlipSip,Golden-Horn,cocuk termos,360ml,termos,sipnjoylife,2090.0,ok,https://sipnjoylife.com/flipsip-paslanmaz-celik-cocuk-su-termosu-matarasi-suluk-360-ml-sipnjoy-sipnjoylife?Desen=Golden-Horn
2026-07-28 18:44,Sipnjoy,FlipSip,Jungle-Jam,cocuk termos,360ml,termos,sipnjoylife,2090.0,ok,https://sipnjoylife.com/flipsip-paslanmaz-celik-cocuk-su-termosu-matarasi-suluk-360-ml-sipnjoy-sipnjoylife?Desen=Jungle-Jam
2026-07-28 18:44,Sipnjoy,FlipSip,Mermaid-Dream,cocuk termos,360ml,termos,sipnjoylife,2090.0,ok,https://sipnjoylife.com/flipsip-paslanmaz-celik-cocuk-su-termosu-matarasi-suluk-360-ml-sipnjoy-sipnjoylife?Desen=Mermaid-Dream
2026-07-28 18:44,Sipnjoy,FlipSip,Peacock-Queen,cocuk termos,360ml,termos,sipnjoylife,2090.0,ok,https://sipnjoylife.com/flipsip-paslanmaz-celik-cocuk-su-termosu-matarasi-suluk-360-ml-sipnjoy-sipnjoylife?Desen=Peacock-Queen
2026-07-28 18:44,Sipnjoy,FlipSip,Rescue-Crew,cocuk termos,360ml,termos,sipnjoylife,2090.0,ok,https://sipnjoylife.com/flipsip-paslanmaz-celik-cocuk-su-termosu-matarasi-suluk-360-ml-sipnjoy-sipnjoylife?Desen=Rescue-Crew
2026-07-28 18:44,Sipnjoy,FlipSip,Snappy-Croc,cocuk termos,360ml,termos,sipnjoylife,2090.0,ok,https://sipnjoylife.com/flipsip-paslanmaz-celik-cocuk-su-termosu-matarasi-suluk-360-ml-sipnjoy-sipnjoylife?Desen=Snappy-Croc
2026-07-28 18:44,Sipnjoy,FlipSip,Star-Explorer,cocuk termos,360ml,termos,sipnjoylife,2090.0,ok,https://sipnjoylife.com/flipsip-paslanmaz-celik-cocuk-su-termosu-matarasi-suluk-360-ml-sipnjoy-sipnjoylife?Desen=Star-Explorer
2026-07-28 18:44,Sipnjoy,FlipSip,Swan-Harmony,cocuk termos,360ml,termos,sipnjoylife,2090.0,ok,https://sipnjoylife.com/flipsip-paslanmaz-celik-cocuk-su-termosu-matarasi-suluk-360-ml-sipnjoy-sipnjoylife?Desen=Swan-Harmony
2026-07-28 18:44,Sipnjoy,FlipSip,Ocean-Whispers,cocuk termos,360ml,termos,sipnjoylife,2090.0,ok,https://sipnjoylife.com/flipsip-paslanmaz-celik-cocuk-su-termosu-matarasi-suluk-360-ml-sipnjoy-sipnjoylife?Desen=Ocean-Whispers
2026-07-28 18:44,Sipnjoy,Lil'Straw,Dino-Roar,cocuk termos,420ml,termos,sipnjoylife,1490.9,ok,https://sipnjoylife.com/lilstraw-paslanmaz-celik-cocuk-su-termosu-matarasi-suluk-420-ml-sipnjoy-sipnjoylife?Desen=Dino-Roar
2026-07-28 18:44,Sipnjoy,Lil'Straw,Mermaid-Dream,cocuk termos,420ml,termos,sipnjoylife,1490.9,ok,https://sipnjoylife.com/lilstraw-paslanmaz-celik-cocuk-su-termosu-matarasi-suluk-420-ml-sipnjoy-sipnjoylife?Desen=Mermaid-Dream
2026-07-28 18:44,Sipnjoy,Lil'Straw,Ocean-Whispers,cocuk termos,420ml,termos,sipnjoylife,1490.9,ok,https://sipnjoylife.com/lilstraw-paslanmaz-celik-cocuk-su-termosu-matarasi-suluk-420-ml-sipnjoy-sipnjoylife?Desen=Ocean-Whispers
2026-07-28 18:44,Sipnjoy,Lil'Straw,Swan-Harmony,cocuk termos,420ml,termos,sipnjoylife,1490.9,ok,https://sipnjoylife.com/lilstraw-paslanmaz-celik-cocuk-su-termosu-matarasi-suluk-420-ml-sipnjoy-sipnjoylife?Desen=Swan-Harmony
2026-07-28 18:44,Sipnjoy,SippyPals,Koyu-Mavi,cocuk termos,360ml,termos,sipnjoylife,1990.0,ok,https://sipnjoylife.com/sippypals-paslanmaz-celik-cocuk-su-termosu-matarasi-suluk-360-ml-sipnjoy-sipnjoylife?Renk=Koyu-Mavi
2026-07-28 18:44,Sipnjoy,SippyPals,Mavi,cocuk termos,360ml,termos,sipnjoylife,1990.0,ok,https://sipnjoylife.com/sippypals-paslanmaz-celik-cocuk-su-termosu-matarasi-suluk-360-ml-sipnjoy-sipnjoylife?Renk=Mavi
2026-07-28 18:44,Sipnjoy,SippyPals,Mor,cocuk termos,360ml,termos,sipnjoylife,1990.0,ok,https://sipnjoylife.com/sippypals-paslanmaz-celik-cocuk-su-termosu-matarasi-suluk-360-ml-sipnjoy-sipnjoylife?Renk=Mor
2026-07-28 18:44,Sipnjoy,SippyPals,Pembe,cocuk termos,360ml,termos,sipnjoylife,1990.0,ok,https://sipnjoylife.com/sippypals-paslanmaz-celik-cocuk-su-termosu-matarasi-suluk-360-ml-sipnjoy-sipnjoylife?Renk=Pembe
2026-07-28 18:44,Sipnjoy,SipSquad,Giggle-Giraffe,cocuk termos,480ml,termos,sipnjoylife,1890.0,ok,https://sipnjoylife.com/sipsquad-paslanmaz-celik-cocuk-su-termosu-matarasi-suluk-480-ml-sipnjoy-sipnjoylife?Desen=Giggle-Giraffe
2026-07-28 18:44,Sipnjoy,SipSquad,Jolly-Elephant,cocuk termos,480ml,termos,sipnjoylife,1890.0,ok,https://sipnjoylife.com/sipsquad-paslanmaz-celik-cocuk-su-termosu-matarasi-suluk-480-ml-sipnjoy-sipnjoylife?Desen=Jolly-Elephant
2026-07-28 18:44,Sipnjoy,SipSquad,Lively-Roar,cocuk termos,480ml,termos,sipnjoylife,1890.0,ok,https://sipnjoylife.com/sipsquad-paslanmaz-celik-cocuk-su-termosu-matarasi-suluk-480-ml-sipnjoy-sipnjoylife?Desen=Lively-Roar
2026-07-28 18:44,Sipnjoy,SipSquad,Twisty-Joy,cocuk termos,480ml,termos,sipnjoylife,1890.0,ok,https://sipnjoylife.com/sipsquad-paslanmaz-celik-cocuk-su-termosu-matarasi-suluk-480-ml-sipnjoy-sipnjoylife?Desen=Twisty-Joy
2026-07-28 18:44,Sipnjoy,SipSquad,Turtle-Voyage,cocuk termos,480ml,termos,sipnjoylife,1890.0,ok,https://sipnjoylife.com/sipsquad-paslanmaz-celik-cocuk-su-termosu-matarasi-suluk-480-ml-sipnjoy-sipnjoylife?Desen=Turtle-Voyage
2026-07-28 18:44,Sipnjoy,WideWonder,Dino-Roar,cocuk termos,420ml,termos,sipnjoylife,1490.9,ok,https://sipnjoylife.com/widewonder-paslanmaz-celik-cocuk-su-termosu-matarasi-suluk-420-ml-sipnjoy-sipnjoylife?Desen=Dino-Roar
2026-07-28 18:44,Sipnjoy,WideWonder,Mermaid-Dream,cocuk termos,420ml,termos,sipnjoylife,1490.9,ok,https://sipnjoylife.com/widewonder-paslanmaz-celik-cocuk-su-termosu-matarasi-suluk-420-ml-sipnjoy-sipnjoylife?Desen=Mermaid-Dream
2026-07-28 18:44,Sipnjoy,WideWonder,Ocean-Whispers,cocuk termos,420ml,termos,sipnjoylife,1490.9,ok,https://sipnjoylife.com/widewonder-paslanmaz-celik-cocuk-su-termosu-matarasi-suluk-420-ml-sipnjoy-sipnjoylife?Desen=Ocean-Whispers
2026-07-28 18:44,Sipnjoy,WideWonder,Ocean-Whispers,cocuk termos,420ml,termos,sipnjoylife,1490.9,ok,https://sipnjoylife.com/widewonder-paslanmaz-celik-cocuk-su-termosu-matarasi-suluk-420-ml-sipnjoy-sipnjoylife?Desen=Ocean-Whispers
2026-07-28 18:44,Sipnjoy,FlipSip,,cocuk termos,360ml,termos,Trendyol,,fiyat_bulunamadi,https://www.trendyol.com/sipnjoy/flipsip-cocuk-su-termosu-360-ml-firebuddy-p-1080017409?boutiqueId=61&merchantId=1095234
2026-07-28 18:44,Sipnjoy,FlipSip,,cocuk termos,360ml,termos,Trendyol,,fiyat_bulunamadi,https://www.trendyol.com/sipnjoy/flipsip-cocuk-su-termosu-360-ml-roads-p-983400320?boutiqueId=61&merchantId=1095234
2026-07-28 18:44,Sipnjoy,FlipSip,,cocuk termos,360ml,termos,Trendyol,,fiyat_bulunamadi,https://www.trendyol.com/sipnjoy/flipsip-cocuk-su-termosu-360-ml-beehoney-p-1080017703?boutiqueId=61&merchantId=1095234
2026-07-28 18:44,Sipnjoy,FlipSip,,cocuk termos,360ml,termos,Trendyol,,fiyat_bulunamadi,https://www.trendyol.com/sipnjoy/flipsip-cocuk-su-termosu-360-ml-junglejam-p-1080017278?boutiqueId=61&merchantId=1095234
2026-07-28 18:44,Sipnjoy,FlipSip,,cocuk termos,360ml,termos,Trendyol,,fiyat_bulunamadi,https://www.trendyol.com/sipnjoy/flipsip-cocuk-su-termosu-360-ml-ocean-p-1080017549?boutiqueId=61&merchantId=1095234
2026-07-28 18:44,Sipnjoy,FlipSip,,cocuk termos,360ml,termos,Trendyol,,fiyat_bulunamadi,https://www.trendyol.com/sipnjoy/flipsip-cocuk-su-termosu-360-ml-swanharmony-p-1080017486?boutiqueId=61&merchantId=1095234
2026-07-28 18:44,Sipnjoy,FlipSip,,cocuk termos,360ml,termos,Trendyol,,fiyat_bulunamadi,https://www.trendyol.com/sipnjoy/flipsip-cocuk-su-termosu-360-ml-dino-p-983400822?boutiqueId=61&merchantId=1095234
2026-07-28 18:44,Sipnjoy,FlipSip,,cocuk termos,360ml,termos,Trendyol,,fiyat_bulunamadi,https://www.trendyol.com/sipnjoy/flipsip-cocuk-su-termosu-360-ml-flypal-p-1080017282?boutiqueId=61&merchantId=1095234
2026-07-28 18:44,Sipnjoy,FlipSip,,cocuk termos,360ml,termos,Trendyol,,fiyat_bulunamadi,https://www.trendyol.com/sipnjoy/flipsip-cocuk-su-termosu-360-ml-space-explorer-p-932870477?boutiqueId=61&merchantId=1095234
2026-07-28 18:44,Sipnjoy,FlipSip,,cocuk termos,360ml,termos,Trendyol,,fiyat_bulunamadi,https://www.trendyol.com/sipnjoy/flipsip-cocuk-su-termosu-360-ml-mermaid-dream-p-983400323?boutiqueId=61&merchantId=1095234
2026-07-28 18:44,Sipnjoy,Sippypals,,cocuk termos,360ml,termos,Trendyol,,fiyat_bulunamadi,https://www.trendyol.com/sipnjoy/sippypals-cocuk-su-termosu-360-ml-koyu-mavi-11000-360-03-p-1080017576?boutiqueId=61&merchantId=1095234
2026-07-28 18:44,Sipnjoy,Sippypals,,cocuk termos,360ml,termos,Trendyol,,fiyat_bulunamadi,https://www.trendyol.com/sipnjoy/sippypals-cocuk-su-termosu-360-ml-mor-11000-360-04-p-1080017921?boutiqueId=61&merchantId=1095234
2026-07-28 18:44,Sipnjoy,WideWonder,,cocuk termos,420ml,termos,Trendyol,,fiyat_bulunamadi,https://www.trendyol.com/sipnjoy/widewonder-cocuk-su-termosu-420-ml-p-988455933?boutiqueId=61&merchantId=1095234&filterOverPriceListings=false&sav=true
2026-07-28 18:44,Sipnjoy,Flipsip,,cocuk termos,360ml,termos,Hepsiburada,,http_403,https://www.hepsiburada.com/sipnjoy-flipsip-cocuk-su-termosu-360-ml-paslanmaz-celik-koyu-pembe-ergonomik-tasarim-pm-HBC0000G0K8EH?magaza=SipnJoy
2026-07-28 18:44,Sipnjoy,Flipsip,,cocuk termos,360ml,termos,Hepsiburada,,http_403,https://www.hepsiburada.com/sipnjoy-flipsip-cocuk-su-termosu-360-ml-fly-pal-pm-HBC0000G0K7WF?magaza=SipnJoy
2026-07-28 18:44,Sipnjoy,Flipsip,,cocuk termos,360ml,termos,Hepsiburada,,http_403,https://www.hepsiburada.com/sipnjoy-flipsip-cocuk-su-termosu-360-ml-ocean-whisper-pm-HBC0000G0K7WE?magaza=SipnJoy
2026-07-28 18:44,Sipnjoy,Flipsip,,cocuk termos,360ml,termos,Hepsiburada,,http_403,https://www.hepsiburada.com/sipnjoy-flipsip-cocuk-su-termosu-360-ml-firefighter-buddy-pm-HBC0000G0K7WC?magaza=SipnJoy
2026-07-28 18:44,Sipnjoy,Flipsip,,cocuk termos,360ml,termos,Hepsiburada,,http_403,https://www.hepsiburada.com/sipnjoy-flipsip-cocuk-su-termosu-360-ml-swan-harmony-pm-HBC0000G0K7WH?magaza=SipnJoy
2026-07-28 18:44,Sipnjoy,Flipsip,,cocuk termos,360ml,termos,Hepsiburada,,http_403,https://www.hepsiburada.com/sipnjoy-flipsip-cocuk-su-termosu-360-ml-bee-honey-pm-HBC0000G0K7WD?magaza=SipnJoy
2026-07-28 18:44,Sipnjoy,Flipsip,,cocuk termos,360ml,termos,Hepsiburada,,http_403,https://www.hepsiburada.com/sipnjoy-flipsip-cocuk-su-termosu-360-ml-jungle-jam-pm-HBC0000G0K7WG?magaza=SipnJoy
2026-07-28 18:44,Sipnjoy,SippyPals,,cocuk termos,360ml,termos,Hepsiburada,,http_403,https://www.hepsiburada.com/sipnjoy-sippypals-cocuk-su-termosu-360-ml-mor-pm-HBC0000G0K8E5?magaza=SipnJoy
2026-07-28 18:44,Sipnjoy,SippyPals,,cocuk termos,360ml,termos,Hepsiburada,,http_403,https://www.hepsiburada.com/sipnjoy-sippypals-cocuk-su-termosu-360-ml-koyu-mavi-pm-HBC0000C5G4SC?magaza=SipnJoy
2026-07-28 18:44,Sipnjoy,Widewonder,,cocuk termos,420ml,termos,Hepsiburada,,http_403,https://www.hepsiburada.com/sipnjoy-widewonder-cocuk-su-termosu-420-ml-swan-harmony-pm-HBC0000G0K8E3?magaza=SipnJoy
2026-07-28 18:44,Trixie,Termos,,cocuk termos,350ml,termos,popcorner,2300.0,ok,https://popcorner.com.tr/collections/trixie-termos-sise/products/trixie-insulated-drinking-bottle-350ml-mr-fox
2026-07-28 18:44,Trixie,Termos,,cocuk termos,350ml,termos,popcorner,2300.0,ok,https://popcorner.com.tr/collections/trixie-termos-sise/products/trixie-insulated-drinking-bottle-350ml-mrs-cat
2026-07-28 18:44,Trixie,Termos,,cocuk termos,350ml,termos,popcorner,2300.0,ok,https://popcorner.com.tr/collections/trixie-termos-sise/products/trixie-insulated-drinking-bottle-350ml-mrs-unicorn
2026-07-28 18:44,Trixie,Matara,,cocuk matara,350ml,matara,popcorner,1850.0,ok,https://popcorner.com.tr/collections/trixie-350-ml-su-siseleri/products/trixie-mrs-rabbit-350ml-su-sisesi
2026-07-28 18:44,Trixie,Matara,,cocuk matara,350ml,matara,popcorner,1850.0,ok,https://popcorner.com.tr/collections/trixie-350-ml-su-siseleri/products/mr-dino-trixie-bottle-350ml-40-200
2026-07-28 18:44,Trixie,Matara,,cocuk matara,350ml,matara,popcorner,1850.0,ok,https://popcorner.com.tr/collections/trixie-350-ml-su-siseleri/products/trixie-mrs-butterfly-350-ml-su-sisesi
2026-07-28 18:44,Trixie,Matara,,cocuk matara,350ml,matara,popcorner,1850.0,ok,https://popcorner.com.tr/collections/trixie-350-ml-su-siseleri/products/trixie-mr-lion-350ml-su-sisesi
2026-07-28 18:44,Trixie,Matara,,cocuk matara,350ml,matara,popcorner,1295.0,ok,https://popcorner.com.tr/collections/trixie-350-ml-su-siseleri/products/trixie-mrs-mouse-350ml-su-sisesi
2026-07-28 18:44,Trixie,Matara,,cocuk matara,350ml,matara,popcorner,1850.0,ok,https://popcorner.com.tr/collections/trixie-350-ml-su-siseleri/products/mrs-unicorn-trixie-bottle-350ml-40-200
2026-07-28 18:44,Trixie,Matara,,cocuk matara,350ml,matara,popcorner,1850.0,ok,https://popcorner.com.tr/collections/trixie-350-ml-su-siseleri/products/mrs-cat-trixie-bottle-350ml-40-200
2026-07-28 18:44,Trixie,Matara,,cocuk matara,350ml,matara,popcorner,1850.0,ok,https://popcorner.com.tr/collections/trixie-350-ml-su-siseleri/products/trixie-bottle-350ml-mr-triceratops
2026-07-28 18:44,Trixie,Matara,,cocuk matara,350ml,matara,popcorner,1850.0,ok,https://popcorner.com.tr/collections/trixie-350-ml-su-siseleri/products/trixie-bottle-350ml-mr-dragon
2026-07-28 18:44,Trixie,Matara,,cocuk matara,350ml,matara,popcorner,1850.0,ok,https://popcorner.com.tr/collections/trixie-350-ml-su-siseleri/products/mr-shark-trixie-bottle-350ml-40-200
2026-07-28 18:44,Trixie,Matara,,cocuk matara,350ml,matara,popcorner,1850.0,ok,https://popcorner.com.tr/collections/trixie-350-ml-su-siseleri/products/trixie-mr-tiger-350ml-su-sisesi
2026-07-28 18:44,Trixie,Matara,,cocuk matara,350ml,matara,popcorner,1850.0,ok,https://popcorner.com.tr/collections/trixie-350-ml-su-siseleri/products/mr-parrot-trixie-bottle-350ml-40-200
2026-07-28 18:44,Trixie,Matara,,cocuk matara,350ml,matara,popcorner,1850.0,ok,https://popcorner.com.tr/collections/trixie-350-ml-su-siseleri/products/mr-fox-trixie-bottle-350ml-40-200
2026-07-28 18:44,Trixie,Matara,,cocuk matara,350ml,matara,popcorner,1295.0,ok,https://popcorner.com.tr/collections/trixie-350-ml-su-siseleri/products/mr-crocodile-trixie-bottle-350ml-40-200
2026-07-28 18:44,Trixie,Matara,,cocuk matara,350ml,matara,popcorner,1850.0,ok,https://popcorner.com.tr/collections/trixie-350-ml-su-siseleri/products/trixie-mr-bear-350-ml-su-sisesi
2026-07-28 18:44,Trixie,Matara,,cocuk matara,350ml,matara,popcorner,1850.0,ok,https://popcorner.com.tr/collections/trixie-350-ml-su-siseleri/products/frog-trixie-bottle-350ml-40-200
2026-07-28 18:44,Trixie,Matara,,cocuk matara,350ml,matara,popcorner,1850.0,ok,https://popcorner.com.tr/collections/trixie-350-ml-su-siseleri/products/trixie-bottle-350ml-mrs-peacock
2026-07-28 18:44,Trixie,Matara,,cocuk matara,350ml,matara,popcorner,1850.0,ok,https://popcorner.com.tr/collections/trixie-350-ml-su-siseleri/products/mrs-bumblebee-trixie-bottle-350ml-40-200
2026-07-28 18:44,Trixie,Matara,,cocuk matara,350ml,matara,popcorner,1850.0,ok,https://popcorner.com.tr/collections/trixie-350-ml-su-siseleri/products/trixie-bottle-350ml-mr-alligator
2026-07-28 18:44,Trixie,Matara,,cocuk matara,500ml,matara,popcorner,2100.0,ok,https://popcorner.com.tr/collections/trixie-500-ml-su-siseleri/products/trixie-mrs-butterfly-500-ml-su-sisesi
2026-07-28 18:44,Trixie,Matara,,cocuk matara,500ml,matara,popcorner,2100.0,ok,https://popcorner.com.tr/collections/trixie-500-ml-su-siseleri/products/trixie-mrs-rabbit-500ml-su-sisesi
2026-07-28 18:44,Trixie,Matara,,cocuk matara,500ml,matara,popcorner,2100.0,ok,https://popcorner.com.tr/collections/trixie-500-ml-su-siseleri/products/mr-dino-trixie-bottle-500ml-41-200
2026-07-28 18:44,Trixie,Matara,,cocuk matara,500ml,matara,popcorner,1470.0,ok,https://popcorner.com.tr/collections/trixie-500-ml-su-siseleri/products/trixie-mrs-mouse-su-sisesi
2026-07-28 18:44,Trixie,Matara,,cocuk matara,500ml,matara,popcorner,2100.0,ok,https://popcorner.com.tr/collections/trixie-500-ml-su-siseleri/products/trixie-mrs-elephant-500ml-su-sisesi
2026-07-28 18:44,Trixie,Matara,,cocuk matara,500ml,matara,popcorner,2100.0,ok,https://popcorner.com.tr/collections/trixie-500-ml-su-siseleri/products/cat-trixie-bottle-500ml-41-200
2026-07-28 18:44,Trixie,Matara,,cocuk matara,500ml,matara,popcorner,2100.0,ok,https://popcorner.com.tr/collections/trixie-500-ml-su-siseleri/products/trixie-mr-lion-500ml-su-sisesi
2026-07-28 18:44,Trixie,Matara,,cocuk matara,500ml,matara,popcorner,2100.0,ok,https://popcorner.com.tr/collections/trixie-500-ml-su-siseleri/products/trixie-mr-triceratops-500-ml-su-sisesi
2026-07-28 18:44,Trixie,Matara,,cocuk matara,500ml,matara,popcorner,2100.0,ok,https://popcorner.com.tr/collections/trixie-500-ml-su-siseleri/products/mr-shark-trixie-bottle-500ml-41-200
2026-07-28 18:44,Trixie,Matara,,cocuk matara,500ml,matara,popcorner,2100.0,ok,https://popcorner.com.tr/collections/trixie-500-ml-su-siseleri/products/mrs-unicorn-trixie-bottle-500ml-41-200
2026-07-28 18:44,Trixie,Matara,,cocuk matara,500ml,matara,popcorner,2100.0,ok,https://popcorner.com.tr/collections/trixie-500-ml-su-siseleri/products/trixie-mr-dragon-500-ml-su-sisesi
2026-07-28 18:44,Trixie,Matara,,cocuk matara,500ml,matara,popcorner,2100.0,ok,https://popcorner.com.tr/collections/trixie-500-ml-su-siseleri/products/mr-parrot-trixie-bottle-500ml-41-200
2026-07-28 18:44,Trixie,Matara,,cocuk matara,500ml,matara,popcorner,2100.0,ok,https://popcorner.com.tr/collections/trixie-500-ml-su-siseleri/products/mr-fox-trixie-bottle-500ml-41-200
2026-07-28 18:44,Trixie,Matara,,cocuk matara,500ml,matara,popcorner,2100.0,ok,https://popcorner.com.tr/collections/trixie-500-ml-su-siseleri/products/mrs-bumblebee-trixie-bottle-500ml-41-200
2026-07-28 18:44,Trixie,Matara,,cocuk matara,500ml,matara,popcorner,2100.0,ok,https://popcorner.com.tr/collections/trixie-500-ml-su-siseleri/products/trixie-bottle-500ml-mr-bear
2026-07-28 18:44,Trixie,Matara,,cocuk matara,500ml,matara,popcorner,2100.0,ok,https://popcorner.com.tr/collections/trixie-500-ml-su-siseleri/products/trixie-bottle-500ml-mrs-peacock
2026-07-28 18:44,Trixie,Matara,,cocuk matara,500ml,matara,popcorner,2100.0,ok,https://popcorner.com.tr/collections/trixie-500-ml-su-siseleri/products/trixie-bottle-500ml-mr-alligator
2026-07-28 20:01,Sipnjoy,FlipSip,Fairy Sparkle,cocuk termos,360ml,termos,sipnjoylife,2450.0,ok,https://sipnjoylife.com/flipsip-paslanmaz-celik-cocuk-su-termosu-matarasi-suluk-360-ml-sipnjoy-sipnjoylife?Desen=Adventure-Trails
2026-07-28 20:01,Sipnjoy,FlipSip,Adventure Trails,cocuk termos,360ml,termos,sipnjoylife,2090.0,ok,https://sipnjoylife.com/flipsip-paslanmaz-celik-cocuk-su-termosu-matarasi-suluk-360-ml-sipnjoy-sipnjoylife?Desen=Adventure-Trails
2026-07-28 20:01,Sipnjoy,FlipSip,Bee Honey,cocuk termos,360ml,termos,sipnjoylife,2090.0,ok,https://sipnjoylife.com/flipsip-paslanmaz-celik-cocuk-su-termosu-matarasi-suluk-360-ml-sipnjoy-sipnjoylife?Desen=Adventure-Trails
2026-07-28 20:01,Sipnjoy,FlipSip,Builder Buddy,cocuk termos,360ml,termos,sipnjoylife,2090.0,ok,https://sipnjoylife.com/flipsip-paslanmaz-celik-cocuk-su-termosu-matarasi-suluk-360-ml-sipnjoy-sipnjoylife?Desen=Adventure-Trails
2026-07-28 20:01,Sipnjoy,FlipSip,Dino Roar,cocuk termos,360ml,termos,sipnjoylife,2090.0,ok,https://sipnjoylife.com/flipsip-paslanmaz-celik-cocuk-su-termosu-matarasi-suluk-360-ml-sipnjoy-sipnjoylife?Desen=Adventure-Trails
2026-07-28 20:01,Sipnjoy,FlipSip,Farmyard Fun,cocuk termos,360ml,termos,sipnjoylife,2090.0,ok,https://sipnjoylife.com/flipsip-paslanmaz-celik-cocuk-su-termosu-matarasi-suluk-360-ml-sipnjoy-sipnjoylife?Desen=Adventure-Trails
2026-07-28 20:01,Sipnjoy,FlipSip,Firefighter Buddy,cocuk termos,360ml,termos,sipnjoylife,2090.0,ok,https://sipnjoylife.com/flipsip-paslanmaz-celik-cocuk-su-termosu-matarasi-suluk-360-ml-sipnjoy-sipnjoylife?Desen=Adventure-Trails
2026-07-28 20:01,Sipnjoy,FlipSip,Fly Pal,cocuk termos,360ml,termos,sipnjoylife,2090.0,ok,https://sipnjoylife.com/flipsip-paslanmaz-celik-cocuk-su-termosu-matarasi-suluk-360-ml-sipnjoy-sipnjoylife?Desen=Adventure-Trails
2026-07-28 20:01,Sipnjoy,FlipSip,Golden Horn,cocuk termos,360ml,termos,sipnjoylife,2090.0,ok,https://sipnjoylife.com/flipsip-paslanmaz-celik-cocuk-su-termosu-matarasi-suluk-360-ml-sipnjoy-sipnjoylife?Desen=Adventure-Trails
2026-07-28 20:01,Sipnjoy,FlipSip,Jungle Jam,cocuk termos,360ml,termos,sipnjoylife,2090.0,ok,https://sipnjoylife.com/flipsip-paslanmaz-celik-cocuk-su-termosu-matarasi-suluk-360-ml-sipnjoy-sipnjoylife?Desen=Adventure-Trails
2026-07-28 20:01,Sipnjoy,FlipSip,Mermaid Dream,cocuk termos,360ml,termos,sipnjoylife,2090.0,ok,https://sipnjoylife.com/flipsip-paslanmaz-celik-cocuk-su-termosu-matarasi-suluk-360-ml-sipnjoy-sipnjoylife?Desen=Adventure-Trails
2026-07-28 20:01,Sipnjoy,FlipSip,Peacock Queen,cocuk termos,360ml,termos,sipnjoylife,2090.0,ok,https://sipnjoylife.com/flipsip-paslanmaz-celik-cocuk-su-termosu-matarasi-suluk-360-ml-sipnjoy-sipnjoylife?Desen=Adventure-Trails
2026-07-28 20:01,Sipnjoy,FlipSip,Rescue Crew,cocuk termos,360ml,termos,sipnjoylife,2090.0,ok,https://sipnjoylife.com/flipsip-paslanmaz-celik-cocuk-su-termosu-matarasi-suluk-360-ml-sipnjoy-sipnjoylife?Desen=Adventure-Trails
2026-07-28 20:01,Sipnjoy,FlipSip,Snappy Croc,cocuk termos,360ml,termos,sipnjoylife,2090.0,ok,https://sipnjoylife.com/flipsip-paslanmaz-celik-cocuk-su-termosu-matarasi-suluk-360-ml-sipnjoy-sipnjoylife?Desen=Adventure-Trails
2026-07-28 20:01,Sipnjoy,FlipSip,Star Explorer,cocuk termos,360ml,termos,sipnjoylife,2090.0,ok,https://sipnjoylife.com/flipsip-paslanmaz-celik-cocuk-su-termosu-matarasi-suluk-360-ml-sipnjoy-sipnjoylife?Desen=Adventure-Trails
2026-07-28 20:01,Sipnjoy,FlipSip,Swan Harmony,cocuk termos,360ml,termos,sipnjoylife,2090.0,ok,https://sipnjoylife.com/flipsip-paslanmaz-celik-cocuk-su-termosu-matarasi-suluk-360-ml-sipnjoy-sipnjoylife?Desen=Adventure-Trails
2026-07-28 20:01,Sipnjoy,FlipSip,Ocean Whispers,cocuk termos,360ml,termos,sipnjoylife,2090.0,ok,https://sipnjoylife.com/flipsip-paslanmaz-celik-cocuk-su-termosu-matarasi-suluk-360-ml-sipnjoy-sipnjoylife?Desen=Adventure-Trails
2026-07-28 20:01,Sipnjoy,Lil'Straw,Dino Roar,cocuk termos,420ml,termos,sipnjoylife,1490.9,ok,https://sipnjoylife.com/lilstraw-paslanmaz-celik-cocuk-su-termosu-matarasi-suluk-420-ml-sipnjoy-sipnjoylife?Desen=Dino-Roar
2026-07-28 20:01,Sipnjoy,Lil'Straw,Mermaid Dream,cocuk termos,420ml,termos,sipnjoylife,1490.9,ok,https://sipnjoylife.com/lilstraw-paslanmaz-celik-cocuk-su-termosu-matarasi-suluk-420-ml-sipnjoy-sipnjoylife?Desen=Dino-Roar
2026-07-28 20:01,Sipnjoy,Lil'Straw,Ocean Whispers,cocuk termos,420ml,termos,sipnjoylife,1490.9,ok,https://sipnjoylife.com/lilstraw-paslanmaz-celik-cocuk-su-termosu-matarasi-suluk-420-ml-sipnjoy-sipnjoylife?Desen=Dino-Roar
2026-07-28 20:01,Sipnjoy,Lil'Straw,Swan Harmony,cocuk termos,420ml,termos,sipnjoylife,1490.9,ok,https://sipnjoylife.com/lilstraw-paslanmaz-celik-cocuk-su-termosu-matarasi-suluk-420-ml-sipnjoy-sipnjoylife?Desen=Dino-Roar
2026-07-28 20:01,Sipnjoy,SippyPals,Koyu Mavi,cocuk termos,360ml,termos,sipnjoylife,1990.0,ok,https://sipnjoylife.com/sippypals-paslanmaz-celik-cocuk-su-termosu-matarasi-suluk-360-ml-sipnjoy-sipnjoylife?Renk=Koyu-Mavi
2026-07-28 20:01,Sipnjoy,SippyPals,Mavi,cocuk termos,360ml,termos,sipnjoylife,1990.0,ok,https://sipnjoylife.com/sippypals-paslanmaz-celik-cocuk-su-termosu-matarasi-suluk-360-ml-sipnjoy-sipnjoylife?Renk=Koyu-Mavi
2026-07-28 20:01,Sipnjoy,SippyPals,Mor,cocuk termos,360ml,termos,sipnjoylife,1990.0,ok,https://sipnjoylife.com/sippypals-paslanmaz-celik-cocuk-su-termosu-matarasi-suluk-360-ml-sipnjoy-sipnjoylife?Renk=Koyu-Mavi
2026-07-28 20:01,Sipnjoy,SippyPals,Pembe,cocuk termos,360ml,termos,sipnjoylife,1990.0,ok,https://sipnjoylife.com/sippypals-paslanmaz-celik-cocuk-su-termosu-matarasi-suluk-360-ml-sipnjoy-sipnjoylife?Renk=Koyu-Mavi
2026-07-28 20:01,Sipnjoy,SipSquad,Jolly Elephant,cocuk termos,480ml,termos,sipnjoylife,1890.0,ok,https://sipnjoylife.com/sipsquad-paslanmaz-celik-cocuk-su-termosu-matarasi-suluk-480-ml-sipnjoy-sipnjoylife?Desen=Giggle-Giraffe
2026-07-28 20:01,Sipnjoy,SipSquad,Giggle Giraffe,cocuk termos,480ml,termos,sipnjoylife,1890.0,ok,https://sipnjoylife.com/sipsquad-paslanmaz-celik-cocuk-su-termosu-matarasi-suluk-480-ml-sipnjoy-sipnjoylife?Desen=Giggle-Giraffe
2026-07-28 20:01,Sipnjoy,SipSquad,Lively Roar,cocuk termos,480ml,termos,sipnjoylife,1890.0,ok,https://sipnjoylife.com/sipsquad-paslanmaz-celik-cocuk-su-termosu-matarasi-suluk-480-ml-sipnjoy-sipnjoylife?Desen=Giggle-Giraffe
2026-07-28 20:01,Sipnjoy,SipSquad,Twisty Joy,cocuk termos,480ml,termos,sipnjoylife,1890.0,ok,https://sipnjoylife.com/sipsquad-paslanmaz-celik-cocuk-su-termosu-matarasi-suluk-480-ml-sipnjoy-sipnjoylife?Desen=Giggle-Giraffe
2026-07-28 20:01,Sipnjoy,SipSquad,Turtle Voyage,cocuk termos,480ml,termos,sipnjoylife,1890.0,ok,https://sipnjoylife.com/sipsquad-paslanmaz-celik-cocuk-su-termosu-matarasi-suluk-480-ml-sipnjoy-sipnjoylife?Desen=Giggle-Giraffe
2026-07-28 20:01,Sipnjoy,WideWonder,Dino Roar,cocuk termos,420ml,termos,sipnjoylife,1490.9,ok,https://sipnjoylife.com/widewonder-paslanmaz-celik-cocuk-su-termosu-matarasi-suluk-420-ml-sipnjoy-sipnjoylife?Desen=Dino-Roar
2026-07-28 20:01,Sipnjoy,WideWonder,Mermaid Dream,cocuk termos,420ml,termos,sipnjoylife,1490.9,ok,https://sipnjoylife.com/widewonder-paslanmaz-celik-cocuk-su-termosu-matarasi-suluk-420-ml-sipnjoy-sipnjoylife?Desen=Dino-Roar
2026-07-28 20:01,Sipnjoy,WideWonder,Ocean Whispers,cocuk termos,420ml,termos,sipnjoylife,1490.9,ok,https://sipnjoylife.com/widewonder-paslanmaz-celik-cocuk-su-termosu-matarasi-suluk-420-ml-sipnjoy-sipnjoylife?Desen=Dino-Roar
2026-07-28 20:01,Sipnjoy,WideWonder,Swan Harmony,cocuk termos,420ml,termos,sipnjoylife,1490.9,ok,https://sipnjoylife.com/widewonder-paslanmaz-celik-cocuk-su-termosu-matarasi-suluk-420-ml-sipnjoy-sipnjoylife?Desen=Dino-Roar
2026-07-28 20:01,Sipnjoy,FlipSip,,cocuk termos,360ml,termos,Trendyol,2090.0,ok,https://www.trendyol.com/sipnjoy/flipsip-cocuk-su-termosu-360-ml-firebuddy-p-1080017409?boutiqueId=61&merchantId=1095234
2026-07-28 20:01,Sipnjoy,FlipSip,,cocuk termos,360ml,termos,Trendyol,2090.0,ok,https://www.trendyol.com/sipnjoy/flipsip-cocuk-su-termosu-360-ml-roads-p-983400320?boutiqueId=61&merchantId=1095234
2026-07-28 20:01,Sipnjoy,FlipSip,,cocuk termos,360ml,termos,Trendyol,2090.0,ok,https://www.trendyol.com/sipnjoy/flipsip-cocuk-su-termosu-360-ml-beehoney-p-1080017703?boutiqueId=61&merchantId=1095234
2026-07-28 20:01,Sipnjoy,FlipSip,,cocuk termos,360ml,termos,Trendyol,2090.0,ok,https://www.trendyol.com/sipnjoy/flipsip-cocuk-su-termosu-360-ml-junglejam-p-1080017278?boutiqueId=61&merchantId=1095234
2026-07-28 20:01,Sipnjoy,FlipSip,,cocuk termos,360ml,termos,Trendyol,2090.0,ok,https://www.trendyol.com/sipnjoy/flipsip-cocuk-su-termosu-360-ml-ocean-p-1080017549?boutiqueId=61&merchantId=1095234
2026-07-28 20:01,Sipnjoy,FlipSip,,cocuk termos,360ml,termos,Trendyol,2090.0,ok,https://www.trendyol.com/sipnjoy/flipsip-cocuk-su-termosu-360-ml-swanharmony-p-1080017486?boutiqueId=61&merchantId=1095234
2026-07-28 20:01,Sipnjoy,FlipSip,,cocuk termos,360ml,termos,Trendyol,2090.0,ok,https://www.trendyol.com/sipnjoy/flipsip-cocuk-su-termosu-360-ml-dino-p-983400822?boutiqueId=61&merchantId=1095234
2026-07-28 20:01,Sipnjoy,FlipSip,,cocuk termos,360ml,termos,Trendyol,2090.0,ok,https://www.trendyol.com/sipnjoy/flipsip-cocuk-su-termosu-360-ml-flypal-p-1080017282?boutiqueId=61&merchantId=1095234
2026-07-28 20:01,Sipnjoy,FlipSip,,cocuk termos,360ml,termos,Trendyol,2090.0,ok,https://www.trendyol.com/sipnjoy/flipsip-cocuk-su-termosu-360-ml-space-explorer-p-932870477?boutiqueId=61&merchantId=1095234
2026-07-28 20:01,Sipnjoy,FlipSip,,cocuk termos,360ml,termos,Trendyol,2090.0,ok,https://www.trendyol.com/sipnjoy/flipsip-cocuk-su-termosu-360-ml-mermaid-dream-p-983400323?boutiqueId=61&merchantId=1095234
2026-07-28 20:01,Sipnjoy,Sippypals,,cocuk termos,360ml,termos,Trendyol,1990.0,ok,https://www.trendyol.com/sipnjoy/sippypals-cocuk-su-termosu-360-ml-koyu-mavi-11000-360-03-p-1080017576?boutiqueId=61&merchantId=1095234
2026-07-28 20:01,Sipnjoy,Sippypals,,cocuk termos,360ml,termos,Trendyol,1990.0,ok,https://www.trendyol.com/sipnjoy/sippypals-cocuk-su-termosu-360-ml-mor-11000-360-04-p-1080017921?boutiqueId=61&merchantId=1095234
2026-07-28 20:01,Sipnjoy,WideWonder,,cocuk termos,420ml,termos,Trendyol,1490.0,ok,https://www.trendyol.com/sipnjoy/widewonder-cocuk-su-termosu-420-ml-p-988455933?boutiqueId=61&merchantId=1095234&filterOverPriceListings=false&sav=true
2026-07-28 20:01,Sipnjoy,Flipsip,,cocuk termos,360ml,termos,Hepsiburada,,http_403,https://www.hepsiburada.com/sipnjoy-flipsip-cocuk-su-termosu-360-ml-paslanmaz-celik-koyu-pembe-ergonomik-tasarim-pm-HBC0000G0K8EH?magaza=SipnJoy
2026-07-28 20:01,Sipnjoy,Flipsip,,cocuk termos,360ml,termos,Hepsiburada,,http_403,https://www.hepsiburada.com/sipnjoy-flipsip-cocuk-su-termosu-360-ml-fly-pal-pm-HBC0000G0K7WF?magaza=SipnJoy
2026-07-28 20:01,Sipnjoy,Flipsip,,cocuk termos,360ml,termos,Hepsiburada,,http_403,https://www.hepsiburada.com/sipnjoy-flipsip-cocuk-su-termosu-360-ml-ocean-whisper-pm-HBC0000G0K7WE?magaza=SipnJoy
2026-07-28 20:01,Sipnjoy,Flipsip,,cocuk termos,360ml,termos,Hepsiburada,,http_403,https://www.hepsiburada.com/sipnjoy-flipsip-cocuk-su-termosu-360-ml-firefighter-buddy-pm-HBC0000G0K7WC?magaza=SipnJoy
2026-07-28 20:01,Sipnjoy,Flipsip,,cocuk termos,360ml,termos,Hepsiburada,,http_403,https://www.hepsiburada.com/sipnjoy-flipsip-cocuk-su-termosu-360-ml-swan-harmony-pm-HBC0000G0K7WH?magaza=SipnJoy
2026-07-28 20:01,Sipnjoy,Flipsip,,cocuk termos,360ml,termos,Hepsiburada,,http_403,https://www.hepsiburada.com/sipnjoy-flipsip-cocuk-su-termosu-360-ml-bee-honey-pm-HBC0000G0K7WD?magaza=SipnJoy
2026-07-28 20:01,Sipnjoy,Flipsip,,cocuk termos,360ml,termos,Hepsiburada,,http_403,https://www.hepsiburada.com/sipnjoy-flipsip-cocuk-su-termosu-360-ml-jungle-jam-pm-HBC0000G0K7WG?magaza=SipnJoy
2026-07-28 20:01,Sipnjoy,SippyPals,,cocuk termos,360ml,termos,Hepsiburada,,http_403,https://www.hepsiburada.com/sipnjoy-sippypals-cocuk-su-termosu-360-ml-mor-pm-HBC0000G0K8E5?magaza=SipnJoy
2026-07-28 20:01,Sipnjoy,SippyPals,,cocuk termos,360ml,termos,Hepsiburada,,http_403,https://www.hepsiburada.com/sipnjoy-sippypals-cocuk-su-termosu-360-ml-koyu-mavi-pm-HBC0000C5G4SC?magaza=SipnJoy
2026-07-28 20:01,Sipnjoy,Widewonder,,cocuk termos,420ml,termos,Hepsiburada,,http_403,https://www.hepsiburada.com/sipnjoy-widewonder-cocuk-su-termosu-420-ml-swan-harmony-pm-HBC0000G0K8E3?magaza=SipnJoy
2026-07-28 20:01,Trixie,Termos,,cocuk termos,350ml,termos,popcorner,2300.0,ok,https://popcorner.com.tr/collections/trixie-termos-sise/products/trixie-insulated-drinking-bottle-350ml-mr-fox
2026-07-28 20:01,Trixie,Termos,,cocuk termos,350ml,termos,popcorner,2300.0,ok,https://popcorner.com.tr/collections/trixie-termos-sise/products/trixie-insulated-drinking-bottle-350ml-mrs-cat
2026-07-28 20:01,Trixie,Termos,,cocuk termos,350ml,termos,popcorner,2300.0,ok,https://popcorner.com.tr/collections/trixie-termos-sise/products/trixie-insulated-drinking-bottle-350ml-mrs-unicorn
2026-07-28 20:01,Trixie,Matara,,cocuk matara,350ml,matara,popcorner,1850.0,ok,https://popcorner.com.tr/collections/trixie-350-ml-su-siseleri/products/trixie-mrs-rabbit-350ml-su-sisesi
2026-07-28 20:01,Trixie,Matara,,cocuk matara,350ml,matara,popcorner,1850.0,ok,https://popcorner.com.tr/collections/trixie-350-ml-su-siseleri/products/mr-dino-trixie-bottle-350ml-40-200
2026-07-28 20:01,Trixie,Matara,,cocuk matara,350ml,matara,popcorner,1850.0,ok,https://popcorner.com.tr/collections/trixie-350-ml-su-siseleri/products/trixie-mrs-butterfly-350-ml-su-sisesi
2026-07-28 20:01,Trixie,Matara,,cocuk matara,350ml,matara,popcorner,1850.0,ok,https://popcorner.com.tr/collections/trixie-350-ml-su-siseleri/products/trixie-mr-lion-350ml-su-sisesi
2026-07-28 20:01,Trixie,Matara,,cocuk matara,350ml,matara,popcorner,1295.0,ok,https://popcorner.com.tr/collections/trixie-350-ml-su-siseleri/products/trixie-mrs-mouse-350ml-su-sisesi
2026-07-28 20:01,Trixie,Matara,,cocuk matara,350ml,matara,popcorner,1850.0,ok,https://popcorner.com.tr/collections/trixie-350-ml-su-siseleri/products/mrs-unicorn-trixie-bottle-350ml-40-200
2026-07-28 20:01,Trixie,Matara,,cocuk matara,350ml,matara,popcorner,1850.0,ok,https://popcorner.com.tr/collections/trixie-350-ml-su-siseleri/products/mrs-cat-trixie-bottle-350ml-40-200
2026-07-28 20:01,Trixie,Matara,,cocuk matara,350ml,matara,popcorner,1850.0,ok,https://popcorner.com.tr/collections/trixie-350-ml-su-siseleri/products/trixie-bottle-350ml-mr-triceratops
2026-07-28 20:01,Trixie,Matara,,cocuk matara,350ml,matara,popcorner,1850.0,ok,https://popcorner.com.tr/collections/trixie-350-ml-su-siseleri/products/trixie-bottle-350ml-mr-dragon
2026-07-28 20:01,Trixie,Matara,,cocuk matara,350ml,matara,popcorner,1850.0,ok,https://popcorner.com.tr/collections/trixie-350-ml-su-siseleri/products/mr-shark-trixie-bottle-350ml-40-200
2026-07-28 20:01,Trixie,Matara,,cocuk matara,350ml,matara,popcorner,1850.0,ok,https://popcorner.com.tr/collections/trixie-350-ml-su-siseleri/products/trixie-mr-tiger-350ml-su-sisesi
2026-07-28 20:01,Trixie,Matara,,cocuk matara,350ml,matara,popcorner,1850.0,ok,https://popcorner.com.tr/collections/trixie-350-ml-su-siseleri/products/mr-parrot-trixie-bottle-350ml-40-200
2026-07-28 20:01,Trixie,Matara,,cocuk matara,350ml,matara,popcorner,1850.0,ok,https://popcorner.com.tr/collections/trixie-350-ml-su-siseleri/products/mr-fox-trixie-bottle-350ml-40-200
2026-07-28 20:01,Trixie,Matara,,cocuk matara,350ml,matara,popcorner,1295.0,ok,https://popcorner.com.tr/collections/trixie-350-ml-su-siseleri/products/mr-crocodile-trixie-bottle-350ml-40-200
2026-07-28 20:01,Trixie,Matara,,cocuk matara,350ml,matara,popcorner,1850.0,ok,https://popcorner.com.tr/collections/trixie-350-ml-su-siseleri/products/trixie-mr-bear-350-ml-su-sisesi
2026-07-28 20:01,Trixie,Matara,,cocuk matara,350ml,matara,popcorner,1850.0,ok,https://popcorner.com.tr/collections/trixie-350-ml-su-siseleri/products/frog-trixie-bottle-350ml-40-200
2026-07-28 20:01,Trixie,Matara,Default Title,cocuk matara,350ml,matara,popcorner,1850.0,ok,https://popcorner.com.tr/collections/trixie-350-ml-su-siseleri/products/trixie-bottle-350ml-mrs-peacock
2026-07-28 20:01,Trixie,Matara,,cocuk matara,350ml,matara,popcorner,1850.0,ok,https://popcorner.com.tr/collections/trixie-350-ml-su-siseleri/products/mrs-bumblebee-trixie-bottle-350ml-40-200
2026-07-28 20:01,Trixie,Matara,Default Title,cocuk matara,350ml,matara,popcorner,1850.0,ok,https://popcorner.com.tr/collections/trixie-350-ml-su-siseleri/products/trixie-bottle-350ml-mr-alligator
2026-07-28 20:01,Trixie,Matara,,cocuk matara,500ml,matara,popcorner,2100.0,ok,https://popcorner.com.tr/collections/trixie-500-ml-su-siseleri/products/trixie-mrs-butterfly-500-ml-su-sisesi
2026-07-28 20:01,Trixie,Matara,,cocuk matara,500ml,matara,popcorner,2100.0,ok,https://popcorner.com.tr/collections/trixie-500-ml-su-siseleri/products/trixie-mrs-rabbit-500ml-su-sisesi
2026-07-28 20:01,Trixie,Matara,Default Title,cocuk matara,500ml,matara,popcorner,2100.0,ok,https://popcorner.com.tr/collections/trixie-500-ml-su-siseleri/products/mr-dino-trixie-bottle-500ml-41-200
2026-07-28 20:01,Trixie,Matara,,cocuk matara,500ml,matara,popcorner,1470.0,ok,https://popcorner.com.tr/collections/trixie-500-ml-su-siseleri/products/trixie-mrs-mouse-su-sisesi
2026-07-28 20:01,Trixie,Matara,,cocuk matara,500ml,matara,popcorner,2100.0,ok,https://popcorner.com.tr/collections/trixie-500-ml-su-siseleri/products/trixie-mrs-elephant-500ml-su-sisesi
2026-07-28 20:01,Trixie,Matara,,cocuk matara,500ml,matara,popcorner,2100.0,ok,https://popcorner.com.tr/collections/trixie-500-ml-su-siseleri/products/cat-trixie-bottle-500ml-41-200
2026-07-28 20:01,Trixie,Matara,Default Title,cocuk matara,500ml,matara,popcorner,2100.0,ok,https://popcorner.com.tr/collections/trixie-500-ml-su-siseleri/products/trixie-mr-lion-500ml-su-sisesi
2026-07-28 20:01,Trixie,Matara,,cocuk matara,500ml,matara,popcorner,2100.0,ok,https://popcorner.com.tr/collections/trixie-500-ml-su-siseleri/products/trixie-mr-triceratops-500-ml-su-sisesi
2026-07-28 20:01,Trixie,Matara,,cocuk matara,500ml,matara,popcorner,2100.0,ok,https://popcorner.com.tr/collections/trixie-500-ml-su-siseleri/products/mr-shark-trixie-bottle-500ml-41-200
2026-07-28 20:01,Trixie,Matara,,cocuk matara,500ml,matara,popcorner,2100.0,ok,https://popcorner.com.tr/collections/trixie-500-ml-su-siseleri/products/mrs-unicorn-trixie-bottle-500ml-41-200
2026-07-28 20:01,Trixie,Matara,,cocuk matara,500ml,matara,popcorner,2100.0,ok,https://popcorner.com.tr/collections/trixie-500-ml-su-siseleri/products/trixie-mr-dragon-500-ml-su-sisesi
2026-07-28 20:01,Trixie,Matara,Default Title,cocuk matara,500ml,matara,popcorner,2100.0,ok,https://popcorner.com.tr/collections/trixie-500-ml-su-siseleri/products/mr-parrot-trixie-bottle-500ml-41-200
2026-07-28 20:01,Trixie,Matara,,cocuk matara,500ml,matara,popcorner,2100.0,ok,https://popcorner.com.tr/collections/trixie-500-ml-su-siseleri/products/mr-fox-trixie-bottle-500ml-41-200
2026-07-28 20:01,Trixie,Matara,,cocuk matara,500ml,matara,popcorner,2100.0,ok,https://popcorner.com.tr/collections/trixie-500-ml-su-siseleri/products/mrs-bumblebee-trixie-bottle-500ml-41-200
2026-07-28 20:01,Trixie,Matara,,cocuk matara,500ml,matara,popcorner,2100.0,ok,https://popcorner.com.tr/collections/trixie-500-ml-su-siseleri/products/trixie-bottle-500ml-mr-bear
2026-07-28 20:01,Trixie,Matara,Default Title,cocuk matara,500ml,matara,popcorner,2100.0,ok,https://popcorner.com.tr/collections/trixie-500-ml-su-siseleri/products/trixie-bottle-500ml-mrs-peacock
2026-07-28 20:01,Trixie,Matara,Default Title,cocuk matara,500ml,matara,popcorner,2100.0,ok,https://popcorner.com.tr/collections/trixie-500-ml-su-siseleri/products/trixie-bottle-500ml-mr-alligator
