marka,urun_adi,kategori,platform,url
Sipnjoy,FlipSip cocuk termos 360ml,termos,sipnjoylife,https://sipnjoylife.com/flipsip-paslanmaz-celik-cocuk-su-termosu-matarasi-suluk-360-ml-sipnjoy-sipnjoylife?Desen=Adventure-Trails
Sipnjoy,FlipSip cocuk termos 360ml,termos,sipnjoylife,https://sipnjoylife.com/flipsip-paslanmaz-celik-cocuk-su-termosu-matarasi-suluk-360-ml-sipnjoy-sipnjoylife?Desen=Bee-Honey
Sipnjoy,FlipSip cocuk termos 360ml,termos,sipnjoylife,https://sipnjoylife.com/flipsip-paslanmaz-celik-cocuk-su-termosu-matarasi-suluk-360-ml-sipnjoy-sipnjoylife?Desen=Bee-Honey
Sipnjoy,FlipSip cocuk termos 360ml,termos,sipnjoylife,https://sipnjoylife.com/flipsip-paslanmaz-celik-cocuk-su-termosu-matarasi-suluk-360-ml-sipnjoy-sipnjoylife?Desen=Builder-Buddy
Sipnjoy,FlipSip cocuk termos 360ml,termos,sipnjoylife,https://sipnjoylife.com/flipsip-paslanmaz-celik-cocuk-su-termosu-matarasi-suluk-360-ml-sipnjoy-sipnjoylife?Desen=Dino-Roar
Sipnjoy,FlipSip cocuk termos 360ml,termos,sipnjoylife,https://sipnjoylife.com/flipsip-paslanmaz-celik-cocuk-su-termosu-matarasi-suluk-360-ml-sipnjoy-sipnjoylife?Desen=Dino-Roar
Sipnjoy,FlipSip cocuk termos 360ml,termos,sipnjoylife,https://sipnjoylife.com/flipsip-paslanmaz-celik-cocuk-su-termosu-matarasi-suluk-360-ml-sipnjoy-sipnjoylife?Desen=Farmyard-Fun
Sipnjoy,FlipSip cocuk termos 360ml,termos,sipnjoylife,https://sipnjoylife.com/flipsip-paslanmaz-celik-cocuk-su-termosu-matarasi-suluk-360-ml-sipnjoy-sipnjoylife?Desen=Firefighter-Buddy
Sipnjoy,FlipSip cocuk termos 360ml,termos,sipnjoylife,https://sipnjoylife.com/flipsip-paslanmaz-celik-cocuk-su-termosu-matarasi-suluk-360-ml-sipnjoy-sipnjoylife?Desen=Fly-Pal
Sipnjoy,FlipSip cocuk termos 360ml,termos,sipnjoylife,https://sipnjoylife.com/flipsip-paslanmaz-celik-cocuk-su-termosu-matarasi-suluk-360-ml-sipnjoy-sipnjoylife?Desen=Golden-Horn
Sipnjoy,FlipSip cocuk termos 360ml,termos,sipnjoylife,https://sipnjoylife.com/flipsip-paslanmaz-celik-cocuk-su-termosu-matarasi-suluk-360-ml-sipnjoy-sipnjoylife?Desen=Jungle-Jam
Sipnjoy,FlipSip cocuk termos 360ml,termos,sipnjoylife,https://sipnjoylife.com/flipsip-paslanmaz-celik-cocuk-su-termosu-matarasi-suluk-360-ml-sipnjoy-sipnjoylife?Desen=Mermaid-Dream
Sipnjoy,FlipSip cocuk termos 360ml,termos,sipnjoylife,https://sipnjoylife.com/flipsip-paslanmaz-celik-cocuk-su-termosu-matarasi-suluk-360-ml-sipnjoy-sipnjoylife?Desen=Peacock-Queen
Sipnjoy,FlipSip cocuk termos 360ml,termos,sipnjoylife,https://sipnjoylife.com/flipsip-paslanmaz-celik-cocuk-su-termosu-matarasi-suluk-360-ml-sipnjoy-sipnjoylife?Desen=Rescue-Crew
Sipnjoy,FlipSip cocuk termos 360ml,termos,sipnjoylife,https://sipnjoylife.com/flipsip-paslanmaz-celik-cocuk-su-termosu-matarasi-suluk-360-ml-sipnjoy-sipnjoylife?Desen=Snappy-Croc
Sipnjoy,FlipSip cocuk termos 360ml,termos,sipnjoylife,https://sipnjoylife.com/flipsip-paslanmaz-celik-cocuk-su-termosu-matarasi-suluk-360-ml-sipnjoy-sipnjoylife?Desen=Star-Explorer
Sipnjoy,FlipSip cocuk termos 360ml,termos,sipnjoylife,https://sipnjoylife.com/flipsip-paslanmaz-celik-cocuk-su-termosu-matarasi-suluk-360-ml-sipnjoy-sipnjoylife?Desen=Swan-Harmony
Sipnjoy,FlipSip cocuk termos 360ml,termos,sipnjoylife,https://sipnjoylife.com/flipsip-paslanmaz-celik-cocuk-su-termosu-matarasi-suluk-360-ml-sipnjoy-sipnjoylife?Desen=Ocean-Whispers
Sipnjoy,Lil'Straw cocuk termos 420ml,termos,sipnjoylife,https://sipnjoylife.com/lilstraw-paslanmaz-celik-cocuk-su-termosu-matarasi-suluk-420-ml-sipnjoy-sipnjoylife?Desen=Dino-Roar
Sipnjoy,Lil'Straw cocuk termos 420ml,termos,sipnjoylife,https://sipnjoylife.com/lilstraw-paslanmaz-celik-cocuk-su-termosu-matarasi-suluk-420-ml-sipnjoy-sipnjoylife?Desen=Mermaid-Dream
Sipnjoy,Lil'Straw cocuk termos 420ml,termos,sipnjoylife,https://sipnjoylife.com/lilstraw-paslanmaz-celik-cocuk-su-termosu-matarasi-suluk-420-ml-sipnjoy-sipnjoylife?Desen=Ocean-Whispers
Sipnjoy,Lil'Straw cocuk termos 420ml,termos,sipnjoylife,https://sipnjoylife.com/lilstraw-paslanmaz-celik-cocuk-su-termosu-matarasi-suluk-420-ml-sipnjoy-sipnjoylife?Desen=Swan-Harmony






